date,value,river,station_id,station_name,country,latitude,longitude,metric,unit,reference_period,data_source,severity_class,seasonal_norm,relative_position_pct,historical_min_record,is_below_historical_min,temp_mean_c,precip_sum_mm,meteo_data_source
2026-06-01,208.4,Garonne,O900001002,Tonneins,France,44.3872,0.3134,Water Level,mm,"2016-2025 summer reference (10 summers, Hydro-Eaufrance)",HydroEaufrance_manual_export,Sehr niedrig,681.2,18.4,-1269.3,False,19.7,0.0,OpenMeteo_API
2026-06-02,136.3,Garonne,O900001002,Tonneins,France,44.3872,0.3134,Water Level,mm,"2016-2025 summer reference (10 summers, Hydro-Eaufrance)",HydroEaufrance_manual_export,Sehr niedrig,671.3,16.5,-1269.3,False,18.2,5.9,OpenMeteo_API
2026-06-03,81.3,Garonne,O900001002,Tonneins,France,44.3872,0.3134,Water Level,mm,"2016-2025 summer reference (10 summers, Hydro-Eaufrance)",HydroEaufrance_manual_export,Sehr niedrig,671.3,14.0,-1269.3,False,18.6,0.6,OpenMeteo_API
2026-06-04,215.6,Garonne,O900001002,Tonneins,France,44.3872,0.3134,Water Level,mm,"2016-2025 summer reference (10 summers, Hydro-Eaufrance)",HydroEaufrance_manual_export,Sehr niedrig,671.3,22.2,-1269.3,False,16.1,15.9,OpenMeteo_API
2026-06-05,251.9,Garonne,O900001002,Tonneins,France,44.3872,0.3134,Water Level,mm,"2016-2025 summer reference (10 summers, Hydro-Eaufrance)",HydroEaufrance_manual_export,Niedrig,671.3,29.1,-1269.3,False,15.6,0.6,OpenMeteo_API
2026-06-06,300.8,Garonne,O900001002,Tonneins,France,44.3872,0.3134,Water Level,mm,"2016-2025 summer reference (10 summers, Hydro-Eaufrance)",HydroEaufrance_manual_export,Niedrig,671.3,32.1,-1269.3,False,17.5,0.5,OpenMeteo_API
2026-06-07,233.5,Garonne,O900001002,Tonneins,France,44.3872,0.3134,Water Level,mm,"2016-2025 summer reference (10 summers, Hydro-Eaufrance)",HydroEaufrance_manual_export,Niedrig,657.1,29.9,-1269.3,False,18.2,0.0,OpenMeteo_API
2026-06-08,36.3,Garonne,O900001002,Tonneins,France,44.3872,0.3134,Water Level,mm,"2016-2025 summer reference (10 summers, Hydro-Eaufrance)",HydroEaufrance_manual_export,Sehr niedrig,647.3,20.0,-1269.3,False,18.4,0.7,OpenMeteo_API
2026-06-09,-73.9,Garonne,O900001002,Tonneins,France,44.3872,0.3134,Water Level,mm,"2016-2025 summer reference (10 summers, Hydro-Eaufrance)",HydroEaufrance_manual_export,Sehr niedrig,640.0,16.0,-1269.3,False,16.6,0.0,OpenMeteo_API
2026-06-10,-91.6,Garonne,O900001002,Tonneins,France,44.3872,0.3134,Water Level,mm,"2016-2025 summer reference (10 summers, Hydro-Eaufrance)",HydroEaufrance_manual_export,Sehr niedrig,628.3,18.0,-1269.3,False,15.5,1.3,OpenMeteo_API
2026-06-11,-56.2,Garonne,O900001002,Tonneins,France,44.3872,0.3134,Water Level,mm,"2016-2025 summer reference (10 summers, Hydro-Eaufrance)",HydroEaufrance_manual_export,Sehr niedrig,604.2,21.3,-1269.3,False,16.1,0.1,OpenMeteo_API
2026-06-12,-96.0,Garonne,O900001002,Tonneins,France,44.3872,0.3134,Water Level,mm,"2016-2025 summer reference (10 summers, Hydro-Eaufrance)",HydroEaufrance_manual_export,Sehr niedrig,542.6,22.7,-1269.3,False,18.4,0.0,OpenMeteo_API
2026-06-13,-183.6,Garonne,O900001002,Tonneins,France,44.3872,0.3134,Water Level,mm,"2016-2025 summer reference (10 summers, Hydro-Eaufrance)",HydroEaufrance_manual_export,Sehr niedrig,464.4,19.3,-1269.3,False,23.4,0.0,OpenMeteo_API
2026-06-14,-302.5,Garonne,O900001002,Tonneins,France,44.3872,0.3134,Water Level,mm,"2016-2025 summer reference (10 summers, Hydro-Eaufrance)",HydroEaufrance_manual_export,Sehr niedrig,415.0,15.3,-1269.3,False,25.0,0.0,OpenMeteo_API
2026-06-15,-358.9,Garonne,O900001002,Tonneins,France,44.3872,0.3134,Water Level,mm,"2016-2025 summer reference (10 summers, Hydro-Eaufrance)",HydroEaufrance_manual_export,Sehr niedrig,336.6,14.7,-1269.3,False,24.0,0.0,OpenMeteo_API
2026-06-16,-422.3,Garonne,O900001002,Tonneins,France,44.3872,0.3134,Water Level,mm,"2016-2025 summer reference (10 summers, Hydro-Eaufrance)",HydroEaufrance_manual_export,Sehr niedrig,311.6,15.3,-1269.3,False,22.3,0.0,OpenMeteo_API
2026-06-17,-400.9,Garonne,O900001002,Tonneins,France,44.3872,0.3134,Water Level,mm,"2016-2025 summer reference (10 summers, Hydro-Eaufrance)",HydroEaufrance_manual_export,Sehr niedrig,274.9,17.3,-1269.3,False,25.2,0.0,OpenMeteo_API
2026-06-18,-494.9,Garonne,O900001002,Tonneins,France,44.3872,0.3134,Water Level,mm,"2016-2025 summer reference (10 summers, Hydro-Eaufrance)",HydroEaufrance_manual_export,Sehr niedrig,243.7,15.3,-1269.3,False,26.8,0.0,OpenMeteo_API
2026-06-19,-456.6,Garonne,O900001002,Tonneins,France,44.3872,0.3134,Water Level,mm,"2016-2025 summer reference (10 summers, Hydro-Eaufrance)",HydroEaufrance_manual_export,Sehr niedrig,228.3,16.7,-1269.3,False,26.4,0.0,OpenMeteo_API
2026-06-20,-491.1,Garonne,O900001002,Tonneins,France,44.3872,0.3134,Water Level,mm,"2016-2025 summer reference (10 summers, Hydro-Eaufrance)",HydroEaufrance_manual_export,Sehr niedrig,222.5,15.3,-1269.3,False,27.2,0.0,OpenMeteo_API
2026-06-21,-484.9,Garonne,O900001002,Tonneins,France,44.3872,0.3134,Water Level,mm,"2016-2025 summer reference (10 summers, Hydro-Eaufrance)",HydroEaufrance_manual_export,Sehr niedrig,216.4,16.0,-1269.3,False,29.7,0.0,OpenMeteo_API
2026-06-22,-584.8,Garonne,O900001002,Tonneins,France,44.3872,0.3134,Water Level,mm,"2016-2025 summer reference (10 summers, Hydro-Eaufrance)",HydroEaufrance_manual_export,Sehr niedrig,194.0,11.3,-1269.3,False,30.5,0.0,OpenMeteo_API
2026-06-23,-568.1,Garonne,O900001002,Tonneins,France,44.3872,0.3134,Water Level,mm,"2016-2025 summer reference (10 summers, Hydro-Eaufrance)",HydroEaufrance_manual_export,Sehr niedrig,184.2,12.0,-1269.3,False,31.0,0.1,OpenMeteo_API
2026-06-24,-602.7,Garonne,O900001002,Tonneins,France,44.3872,0.3134,Water Level,mm,"2016-2025 summer reference (10 summers, Hydro-Eaufrance)",HydroEaufrance_manual_export,Extrem niedrig,173.6,10.0,-1269.3,False,31.4,0.0,OpenMeteo_API
2026-06-25,-641.5,Garonne,O900001002,Tonneins,France,44.3872,0.3134,Water Level,mm,"2016-2025 summer reference (10 summers, Hydro-Eaufrance)",HydroEaufrance_manual_export,Extrem niedrig,141.8,8.7,-1269.3,False,30.2,0.7,OpenMeteo_API
2026-06-26,-661.8,Garonne,O900001002,Tonneins,France,44.3872,0.3134,Water Level,mm,"2016-2025 summer reference (10 summers, Hydro-Eaufrance)",HydroEaufrance_manual_export,Extrem niedrig,112.5,8.0,-1269.3,False,27.3,0.0,OpenMeteo_API
2026-06-27,-693.2,Garonne,O900001002,Tonneins,France,44.3872,0.3134,Water Level,mm,"2016-2025 summer reference (10 summers, Hydro-Eaufrance)",HydroEaufrance_manual_export,Extrem niedrig,106.8,6.0,-1269.3,False,28.1,2.2,OpenMeteo_API
2026-06-28,-659.2,Garonne,O900001002,Tonneins,France,44.3872,0.3134,Water Level,mm,"2016-2025 summer reference (10 summers, Hydro-Eaufrance)",HydroEaufrance_manual_export,Extrem niedrig,70.6,9.3,-1269.3,False,24.2,16.1,OpenMeteo_API
2026-06-29,-519.2,Garonne,O900001002,Tonneins,France,44.3872,0.3134,Water Level,mm,"2016-2025 summer reference (10 summers, Hydro-Eaufrance)",HydroEaufrance_manual_export,Sehr niedrig,57.1,14.7,-1269.3,False,23.1,0.9,OpenMeteo_API
2026-06-30,-455.9,Garonne,O900001002,Tonneins,France,44.3872,0.3134,Water Level,mm,"2016-2025 summer reference (10 summers, Hydro-Eaufrance)",HydroEaufrance_manual_export,Sehr niedrig,35.4,22.7,-1269.3,False,22.5,0.0,OpenMeteo_API
2026-07-01,-541.2,Garonne,O900001002,Tonneins,France,44.3872,0.3134,Water Level,mm,"2016-2025 summer reference (10 summers, Hydro-Eaufrance)",HydroEaufrance_manual_export,Sehr niedrig,13.3,18.7,-1269.3,False,21.1,0.2,OpenMeteo_API
2026-07-02,-644.5,Garonne,O900001002,Tonneins,France,44.3872,0.3134,Water Level,mm,"2016-2025 summer reference (10 summers, Hydro-Eaufrance)",HydroEaufrance_manual_export,Sehr niedrig,-14.1,15.3,-1269.3,False,21.7,0.0,OpenMeteo_API
2026-07-03,-669.8,Garonne,O900001002,Tonneins,France,44.3872,0.3134,Water Level,mm,"2016-2025 summer reference (10 summers, Hydro-Eaufrance)",HydroEaufrance_manual_export,Sehr niedrig,-94.3,14.7,-1269.3,False,22.6,0.0,OpenMeteo_API
2026-07-04,-755.0,Garonne,O900001002,Tonneins,France,44.3872,0.3134,Water Level,mm,"2016-2025 summer reference (10 summers, Hydro-Eaufrance)",HydroEaufrance_manual_export,Extrem niedrig,-125.5,10.0,-1269.3,False,24.4,0.0,OpenMeteo_API
2026-07-05,-738.4,Garonne,O900001002,Tonneins,France,44.3872,0.3134,Water Level,mm,"2016-2025 summer reference (10 summers, Hydro-Eaufrance)",HydroEaufrance_manual_export,Sehr niedrig,-173.2,11.3,-1269.3,False,25.6,0.0,OpenMeteo_API
2026-07-06,-736.7,Garonne,O900001002,Tonneins,France,44.3872,0.3134,Water Level,mm,"2016-2025 summer reference (10 summers, Hydro-Eaufrance)",HydroEaufrance_manual_export,Sehr niedrig,-244.2,14.0,-1269.3,False,28.0,0.0,OpenMeteo_API
2026-07-07,-812.0,Garonne,O900001002,Tonneins,France,44.3872,0.3134,Water Level,mm,"2016-2025 summer reference (10 summers, Hydro-Eaufrance)",HydroEaufrance_manual_export,Sehr niedrig,-299.4,11.3,-1269.3,False,28.3,0.0,OpenMeteo_API
2026-07-08,-842.9,Garonne,O900001002,Tonneins,France,44.3872,0.3134,Water Level,mm,"2016-2025 summer reference (10 summers, Hydro-Eaufrance)",HydroEaufrance_manual_export,Sehr niedrig,-331.9,10.7,-1269.3,False,26.6,0.0,OpenMeteo_API
2026-07-09,-833.9,Garonne,O900001002,Tonneins,France,44.3872,0.3134,Water Level,mm,"2016-2025 summer reference (10 summers, Hydro-Eaufrance)",HydroEaufrance_manual_export,Sehr niedrig,-346.2,14.7,-1269.3,False,28.2,0.0,OpenMeteo_API
2026-07-10,-770.2,Garonne,O900001002,Tonneins,France,44.3872,0.3134,Water Level,mm,"2016-2025 summer reference (10 summers, Hydro-Eaufrance)",HydroEaufrance_manual_export,Sehr niedrig,-400.4,22.0,-1269.3,False,27.1,0.6,OpenMeteo_API
2026-07-11,-851.3,Garonne,O900001002,Tonneins,France,44.3872,0.3134,Water Level,mm,"2016-2025 summer reference (10 summers, Hydro-Eaufrance)",HydroEaufrance_manual_export,Sehr niedrig,-491.5,17.3,-1269.3,False,27.3,0.0,OpenMeteo_API
2026-07-12,-653.9,Garonne,O900001002,Tonneins,France,44.3872,0.3134,Water Level,mm,"2016-2025 summer reference (10 summers, Hydro-Eaufrance)",HydroEaufrance_manual_export,Niedrig,-514.5,37.3,-1269.3,False,29.1,0.0,OpenMeteo_API
2026-07-13,-727.9,Garonne,O900001002,Tonneins,France,44.3872,0.3134,Water Level,mm,"2016-2025 summer reference (10 summers, Hydro-Eaufrance)",HydroEaufrance_manual_export,Niedrig,-533.2,32.0,-1269.3,False,26.6,0.0,OpenMeteo_API
2026-07-14,-805.1,Garonne,O900001002,Tonneins,France,44.3872,0.3134,Water Level,mm,"2016-2025 summer reference (10 summers, Hydro-Eaufrance)",HydroEaufrance_manual_export,Niedrig,-538.8,26.0,-1269.3,False,28.0,0.0,OpenMeteo_API
2026-07-15,-727.9,Garonne,O900001002,Tonneins,France,44.3872,0.3134,Water Level,mm,"2016-2025 summer reference (10 summers, Hydro-Eaufrance)",HydroEaufrance_manual_export,Niedrig,-564.8,35.3,-1269.3,False,26.5,6.9,OpenMeteo_API
2026-07-16,-818.2,Garonne,O900001002,Tonneins,France,44.3872,0.3134,Water Level,mm,"2016-2025 summer reference (10 summers, Hydro-Eaufrance)",HydroEaufrance_manual_export,Niedrig,-576.7,28.0,-1269.3,False,25.2,19.0,OpenMeteo_API
2026-07-17,-777.8,Garonne,O900001002,Tonneins,France,44.3872,0.3134,Water Level,mm,"2016-2025 summer reference (10 summers, Hydro-Eaufrance)",HydroEaufrance_manual_export,Niedrig,-593.2,31.3,-1269.3,False,24.6,1.8,OpenMeteo_API
2026-07-18,-652.5,Garonne,O900001002,Tonneins,France,44.3872,0.3134,Water Level,mm,"2016-2025 summer reference (10 summers, Hydro-Eaufrance)",HydroEaufrance_manual_export,Niedrig,-623.8,48.7,-1269.3,False,24.9,0.0,OpenMeteo_API
2026-07-19,-839.5,Garonne,O900001002,Tonneins,France,44.3872,0.3134,Water Level,mm,"2016-2025 summer reference (10 summers, Hydro-Eaufrance)",HydroEaufrance_manual_export,Niedrig,-665.1,25.3,-1269.3,False,26.6,0.0,OpenMeteo_API
2026-07-20,-798.7,Garonne,O900001002,Tonneins,France,44.3872,0.3134,Water Level,mm,"2016-2025 summer reference (10 summers, Hydro-Eaufrance)",HydroEaufrance_manual_export,Niedrig,-674.5,31.3,-1269.3,False,26.2,0.0,OpenMeteo_API
2026-07-21,-843.7,Garonne,O900001002,Tonneins,France,44.3872,0.3134,Water Level,mm,"2016-2025 summer reference (10 summers, Hydro-Eaufrance)",HydroEaufrance_manual_export,Niedrig,-681.7,26.0,-1269.3,False,25.2,0.0,OpenMeteo_API
2026-07-22,-874.6,Garonne,O900001002,Tonneins,France,44.3872,0.3134,Water Level,mm,"2016-2025 summer reference (10 summers, Hydro-Eaufrance)",HydroEaufrance_manual_export,Sehr niedrig,-684.3,20.0,-1269.3,False,25.3,0.0,OpenMeteo_API
2026-07-23,-734.9,Garonne,O900001002,Tonneins,France,44.3872,0.3134,Water Level,mm,"2016-2025 summer reference (10 summers, Hydro-Eaufrance)",HydroEaufrance_manual_export,Niedrig,-690.4,46.7,-1269.3,False,25.7,0.0,OpenMeteo_API
2026-07-24,-783.9,Garonne,O900001002,Tonneins,France,44.3872,0.3134,Water Level,mm,"2016-2025 summer reference (10 summers, Hydro-Eaufrance)",HydroEaufrance_manual_export,Niedrig,-697.3,36.7,-1269.3,False,26.3,0.0,OpenMeteo_API
2026-07-25,-891.9,Garonne,O900001002,Tonneins,France,44.3872,0.3134,Water Level,mm,"2016-2025 summer reference (10 summers, Hydro-Eaufrance)",HydroEaufrance_manual_export,Sehr niedrig,-705.4,16.0,-1269.3,False,21.7,17.3,OpenMeteo_API
2026-07-26,-803.3,Garonne,O900001002,Tonneins,France,44.3872,0.3134,Water Level,mm,"2016-2025 summer reference (10 summers, Hydro-Eaufrance)",HydroEaufrance_manual_export,Niedrig,-718.3,35.3,-1269.3,False,20.9,0.6,OpenMeteo_API
2026-07-27,-796.5,Garonne,O900001002,Tonneins,France,44.3872,0.3134,Water Level,mm,"2016-2025 summer reference (10 summers, Hydro-Eaufrance)",HydroEaufrance_manual_export,Niedrig,-734.2,38.0,-1269.3,False,21.7,0.7,OpenMeteo_API
2026-07-28,-839.1,Garonne,O900001002,Tonneins,France,44.3872,0.3134,Water Level,mm,"2016-2025 summer reference (10 summers, Hydro-Eaufrance)",HydroEaufrance_manual_export,Niedrig,-740.0,35.3,-1269.3,False,24.6,0.0,OpenMeteo_API
2026-07-29,-865.5,Garonne,O900001002,Tonneins,France,44.3872,0.3134,Water Level,mm,"2016-2025 summer reference (10 summers, Hydro-Eaufrance)",HydroEaufrance_manual_export,Niedrig,-754.3,27.3,-1269.3,False,28.7,0.0,OpenMeteo_API
2026-07-30,-896.4,Garonne,O900001002,Tonneins,France,44.3872,0.3134,Water Level,mm,"2016-2025 summer reference (10 summers, Hydro-Eaufrance)",HydroEaufrance_manual_export,Sehr niedrig,-763.3,23.3,-1269.3,False,25.3,0.0,OpenMeteo_API
2026-07-31,-898.8,Garonne,O900001002,Tonneins,France,44.3872,0.3134,Water Level,mm,"2016-2025 summer reference (10 summers, Hydro-Eaufrance)",HydroEaufrance_manual_export,Sehr niedrig,-775.2,23.3,-1269.3,False,23.0,1.5,OpenMeteo_API
2026-08-01,-937.5,Garonne,O900001002,Tonneins,France,44.3872,0.3134,Water Level,mm,"2016-2025 summer reference (10 summers, Hydro-Eaufrance)",HydroEaufrance_manual_export,Sehr niedrig,-778.0,20.7,-1269.3,False,23.2,0.0,OpenMeteo_API
2026-08-02,-848.2,Garonne,O900001002,Tonneins,France,44.3872,0.3134,Water Level,mm,"2016-2025 summer reference (10 summers, Hydro-Eaufrance)",HydroEaufrance_manual_export,Niedrig,-800.9,36.7,-1269.3,False,26.0,0.0,OpenMeteo_API
2026-08-03,-862.5,Garonne,O900001002,Tonneins,France,44.3872,0.3134,Water Level,mm,"2016-2025 summer reference (10 summers, Hydro-Eaufrance)",HydroEaufrance_manual_export,Niedrig,-812.2,32.7,-1269.3,False,24.2,0.1,OpenMeteo_API
2026-08-04,-656.8,Garonne,O900001002,Tonneins,France,44.3872,0.3134,Water Level,mm,"2016-2025 summer reference (10 summers, Hydro-Eaufrance)",HydroEaufrance_manual_export,Normal,-821.6,74.7,-1269.3,False,24.6,0.0,OpenMeteo_API
2026-08-05,-633.2,Garonne,O900001002,Tonneins,France,44.3872,0.3134,Water Level,mm,"2016-2025 summer reference (10 summers, Hydro-Eaufrance)",HydroEaufrance_manual_export,Normal,-821.6,80.0,-1269.3,False,24.3,0.0,OpenMeteo_API
2026-08-06,-798.3,Garonne,O900001002,Tonneins,France,44.3872,0.3134,Water Level,mm,"2016-2025 summer reference (10 summers, Hydro-Eaufrance)",HydroEaufrance_manual_export,Normal,-822.2,56.0,-1269.3,False,23.1,0.0,OpenMeteo_API
2026-08-07,-887.0,Garonne,O900001002,Tonneins,France,44.3872,0.3134,Water Level,mm,"2016-2025 summer reference (10 summers, Hydro-Eaufrance)",HydroEaufrance_manual_export,Niedrig,-821.6,27.3,-1269.3,False,24.5,0.0,OpenMeteo_API
2026-08-08,-956.9,Garonne,O900001002,Tonneins,France,44.3872,0.3134,Water Level,mm,"2016-2025 summer reference (10 summers, Hydro-Eaufrance)",HydroEaufrance_manual_export,Sehr niedrig,-822.2,19.3,-1269.3,False,27.1,0.1,OpenMeteo_API
2026-08-09,-946.5,Garonne,O900001002,Tonneins,France,44.3872,0.3134,Water Level,mm,"2016-2025 summer reference (10 summers, Hydro-Eaufrance)",HydroEaufrance_manual_export,Sehr niedrig,-823.0,20.7,-1269.3,False,26.9,2.3,OpenMeteo_API
2026-08-10,-911.9,Garonne,O900001002,Tonneins,France,44.3872,0.3134,Water Level,mm,"2016-2025 summer reference (10 summers, Hydro-Eaufrance)",HydroEaufrance_manual_export,Niedrig,-824.0,28.0,-1269.3,False,24.9,1.3,OpenMeteo_API
2026-08-11,-637.8,Garonne,O900001002,Tonneins,France,44.3872,0.3134,Water Level,mm,"2016-2025 summer reference (10 summers, Hydro-Eaufrance)",HydroEaufrance_manual_export,Normal,-824.0,84.0,-1269.3,False,26.8,0.0,OpenMeteo_API
2026-08-12,-661.7,Garonne,O900001002,Tonneins,France,44.3872,0.3134,Water Level,mm,"2016-2025 summer reference (10 summers, Hydro-Eaufrance)",HydroEaufrance_manual_export,Normal,-823.0,81.3,-1269.3,False,27.9,0.0,OpenMeteo_API
2026-08-13,-655.9,Garonne,O900001002,Tonneins,France,44.3872,0.3134,Water Level,mm,"2016-2025 summer reference (10 summers, Hydro-Eaufrance)",HydroEaufrance_manual_export,Normal,-820.9,81.3,-1269.3,False,28.9,0.0,OpenMeteo_API
2026-08-14,-600.5,Garonne,O900001002,Tonneins,France,44.3872,0.3134,Water Level,mm,"2016-2025 summer reference (10 summers, Hydro-Eaufrance)",HydroEaufrance_manual_export,Normal,-820.2,84.0,-1269.3,False,27.3,0.0,OpenMeteo_API
2026-08-15,-605.6,Garonne,O900001002,Tonneins,France,44.3872,0.3134,Water Level,mm,"2016-2025 summer reference (10 summers, Hydro-Eaufrance)",HydroEaufrance_manual_export,Normal,-817.9,82.7,-1269.3,False,24.2,7.0,OpenMeteo_API
2026-08-16,-688.9,Garonne,O900001002,Tonneins,France,44.3872,0.3134,Water Level,mm,"2016-2025 summer reference (10 summers, Hydro-Eaufrance)",HydroEaufrance_manual_export,Normal,-813.2,72.0,-1269.3,False,23.8,0.8,OpenMeteo_API
2026-08-17,-650.3,Garonne,O900001002,Tonneins,France,44.3872,0.3134,Water Level,mm,"2016-2025 summer reference (10 summers, Hydro-Eaufrance)",HydroEaufrance_manual_export,Normal,-809.2,78.7,-1269.3,False,23.1,0.0,OpenMeteo_API
2026-08-18,-635.7,Garonne,O900001002,Tonneins,France,44.3872,0.3134,Water Level,mm,"2016-2025 summer reference (10 summers, Hydro-Eaufrance)",HydroEaufrance_manual_export,Normal,-809.2,82.0,-1269.3,False,23.2,0.0,OpenMeteo_API
2026-08-19,-590.1,Garonne,O900001002,Tonneins,France,44.3872,0.3134,Water Level,mm,"2016-2025 summer reference (10 summers, Hydro-Eaufrance)",HydroEaufrance_manual_export,Normal,-813.0,84.0,-1269.3,False,22.7,0.0,OpenMeteo_API
2026-08-20,-471.6,Garonne,O900001002,Tonneins,France,44.3872,0.3134,Water Level,mm,"2016-2025 summer reference (10 summers, Hydro-Eaufrance)",HydroEaufrance_manual_export,Normal,-815.8,88.0,-1269.3,False,20.3,7.7,OpenMeteo_API
2026-08-21,-555.0,Garonne,O900001002,Tonneins,France,44.3872,0.3134,Water Level,mm,"2016-2025 summer reference (10 summers, Hydro-Eaufrance)",HydroEaufrance_manual_export,Normal,-815.8,81.3,-1269.3,False,19.0,8.1,OpenMeteo_API
2026-08-22,-324.8,Garonne,O900001002,Tonneins,France,44.3872,0.3134,Water Level,mm,"2016-2025 summer reference (10 summers, Hydro-Eaufrance)",HydroEaufrance_manual_export,Normal,-813.0,92.0,-1269.3,False,19.7,0.0,OpenMeteo_API
2026-08-23,-235.5,Garonne,O900001002,Tonneins,France,44.3872,0.3134,Water Level,mm,"2016-2025 summer reference (10 summers, Hydro-Eaufrance)",HydroEaufrance_manual_export,Normal,-806.2,94.7,-1269.3,False,23.8,0.5,OpenMeteo_API
2026-08-24,-515.4,Garonne,O900001002,Tonneins,France,44.3872,0.3134,Water Level,mm,"2016-2025 summer reference (10 summers, Hydro-Eaufrance)",HydroEaufrance_manual_export,Normal,-787.3,79.7,-1269.3,False,21.5,10.4,OpenMeteo_API
2026-08-25,-608.1,Garonne,O900001002,Tonneins,France,44.3872,0.3134,Water Level,mm,"2016-2025 summer reference (10 summers, Hydro-Eaufrance)",HydroEaufrance_manual_export,Normal,-777.4,74.4,-1269.3,False,22.3,2.7,OpenMeteo_API
2026-08-26,-594.3,Garonne,O900001002,Tonneins,France,44.3872,0.3134,Water Level,mm,"2016-2025 summer reference (10 summers, Hydro-Eaufrance)",HydroEaufrance_manual_export,Normal,-770.5,74.0,-1269.3,False,24.3,4.0,OpenMeteo_API
2026-08-27,-463.1,Garonne,O900001002,Tonneins,France,44.3872,0.3134,Water Level,mm,"2016-2025 summer reference (10 summers, Hydro-Eaufrance)",HydroEaufrance_manual_export,Normal,-770.5,82.3,-1269.3,False,22.4,1.2,OpenMeteo_API
2026-08-28,-568.0,Garonne,O900001002,Tonneins,France,44.3872,0.3134,Water Level,mm,"2016-2025 summer reference (10 summers, Hydro-Eaufrance)",HydroEaufrance_manual_export,Normal,-770.5,74.8,-1269.3,False,21.6,0.1,OpenMeteo_API
2026-08-29,-644.3,Garonne,O900001002,Tonneins,France,44.3872,0.3134,Water Level,mm,"2016-2025 summer reference (10 summers, Hydro-Eaufrance)",HydroEaufrance_manual_export,Normal,-770.5,71.0,-1269.3,False,22.9,0.0,OpenMeteo_API
2026-08-30,-682.5,Garonne,O900001002,Tonneins,France,44.3872,0.3134,Water Level,mm,"2016-2025 summer reference (10 summers, Hydro-Eaufrance)",HydroEaufrance_manual_export,Normal,-770.5,62.7,-1269.3,False,21.9,0.5,OpenMeteo_API
2026-08-31,-848.4,Garonne,O900001002,Tonneins,France,44.3872,0.3134,Water Level,mm,"2016-2025 summer reference (10 summers, Hydro-Eaufrance)",HydroEaufrance_manual_export,Niedrig,-770.5,35.6,-1269.3,False,21.0,0.0,OpenMeteo_API
2026-06-01,-1157.3,Loire,K447001001,Blois,France,47.5857,1.3328,Water Level,mm,"2016-2025 summer reference (10 summers, Hydro-Eaufrance)",HydroEaufrance_manual_export,Extrem niedrig,-920.4,3.4,-1221.3,False,20.4,0.3,OpenMeteo_API
2026-06-02,-1162.2,Loire,K447001001,Blois,France,47.5857,1.3328,Water Level,mm,"2016-2025 summer reference (10 summers, Hydro-Eaufrance)",HydroEaufrance_manual_export,Extrem niedrig,-920.4,1.0,-1221.3,False,17.4,5.3,OpenMeteo_API
2026-06-03,-1165.4,Loire,K447001001,Blois,France,47.5857,1.3328,Water Level,mm,"2016-2025 summer reference (10 summers, Hydro-Eaufrance)",HydroEaufrance_manual_export,Extrem niedrig,-920.4,0.0,-1221.3,False,16.6,1.5,OpenMeteo_API
2026-06-04,-1172.4,Loire,K447001001,Blois,France,47.5857,1.3328,Water Level,mm,"2016-2025 summer reference (10 summers, Hydro-Eaufrance)",HydroEaufrance_manual_export,Extrem niedrig,-920.4,0.0,-1221.3,False,15.9,3.3,OpenMeteo_API
2026-06-05,-1176.4,Loire,K447001001,Blois,France,47.5857,1.3328,Water Level,mm,"2016-2025 summer reference (10 summers, Hydro-Eaufrance)",HydroEaufrance_manual_export,Extrem niedrig,-920.4,0.0,-1221.3,False,14.7,0.9,OpenMeteo_API
2026-06-06,-1181.6,Loire,K447001001,Blois,France,47.5857,1.3328,Water Level,mm,"2016-2025 summer reference (10 summers, Hydro-Eaufrance)",HydroEaufrance_manual_export,Extrem niedrig,-922.1,0.0,-1221.3,False,16.1,1.1,OpenMeteo_API
2026-06-07,-1179.4,Loire,K447001001,Blois,France,47.5857,1.3328,Water Level,mm,"2016-2025 summer reference (10 summers, Hydro-Eaufrance)",HydroEaufrance_manual_export,Extrem niedrig,-922.5,0.0,-1221.3,False,16.3,0.0,OpenMeteo_API
2026-06-08,-1179.7,Loire,K447001001,Blois,France,47.5857,1.3328,Water Level,mm,"2016-2025 summer reference (10 summers, Hydro-Eaufrance)",HydroEaufrance_manual_export,Extrem niedrig,-929.0,0.0,-1221.3,False,16.8,2.2,OpenMeteo_API
2026-06-09,-1178.9,Loire,K447001001,Blois,France,47.5857,1.3328,Water Level,mm,"2016-2025 summer reference (10 summers, Hydro-Eaufrance)",HydroEaufrance_manual_export,Extrem niedrig,-929.0,0.0,-1221.3,False,14.4,0.2,OpenMeteo_API
2026-06-10,-1178.7,Loire,K447001001,Blois,France,47.5857,1.3328,Water Level,mm,"2016-2025 summer reference (10 summers, Hydro-Eaufrance)",HydroEaufrance_manual_export,Extrem niedrig,-929.0,0.0,-1221.3,False,14.8,0.6,OpenMeteo_API
2026-06-11,-1179.2,Loire,K447001001,Blois,France,47.5857,1.3328,Water Level,mm,"2016-2025 summer reference (10 summers, Hydro-Eaufrance)",HydroEaufrance_manual_export,Extrem niedrig,-929.0,0.0,-1221.3,False,15.6,0.0,OpenMeteo_API
2026-06-12,-1184.4,Loire,K447001001,Blois,France,47.5857,1.3328,Water Level,mm,"2016-2025 summer reference (10 summers, Hydro-Eaufrance)",HydroEaufrance_manual_export,Extrem niedrig,-929.0,0.0,-1221.3,False,18.4,0.0,OpenMeteo_API
2026-06-13,-1188.8,Loire,K447001001,Blois,France,47.5857,1.3328,Water Level,mm,"2016-2025 summer reference (10 summers, Hydro-Eaufrance)",HydroEaufrance_manual_export,Extrem niedrig,-929.8,0.0,-1221.3,False,21.2,0.0,OpenMeteo_API
2026-06-14,-1192.9,Loire,K447001001,Blois,France,47.5857,1.3328,Water Level,mm,"2016-2025 summer reference (10 summers, Hydro-Eaufrance)",HydroEaufrance_manual_export,Extrem niedrig,-932.7,0.0,-1221.3,False,21.3,0.0,OpenMeteo_API
2026-06-15,-1198.1,Loire,K447001001,Blois,France,47.5857,1.3328,Water Level,mm,"2016-2025 summer reference (10 summers, Hydro-Eaufrance)",HydroEaufrance_manual_export,Extrem niedrig,-935.7,0.0,-1221.3,False,23.2,0.0,OpenMeteo_API
2026-06-16,-1203.1,Loire,K447001001,Blois,France,47.5857,1.3328,Water Level,mm,"2016-2025 summer reference (10 summers, Hydro-Eaufrance)",HydroEaufrance_manual_export,Extrem niedrig,-943.5,0.0,-1221.3,False,23.2,0.0,OpenMeteo_API
2026-06-17,-1204.7,Loire,K447001001,Blois,France,47.5857,1.3328,Water Level,mm,"2016-2025 summer reference (10 summers, Hydro-Eaufrance)",HydroEaufrance_manual_export,Extrem niedrig,-952.1,0.0,-1221.3,False,24.7,0.0,OpenMeteo_API
2026-06-18,-1206.8,Loire,K447001001,Blois,France,47.5857,1.3328,Water Level,mm,"2016-2025 summer reference (10 summers, Hydro-Eaufrance)",HydroEaufrance_manual_export,Extrem niedrig,-952.1,0.0,-1221.3,False,25.3,5.1,OpenMeteo_API
2026-06-19,-1212.6,Loire,K447001001,Blois,France,47.5857,1.3328,Water Level,mm,"2016-2025 summer reference (10 summers, Hydro-Eaufrance)",HydroEaufrance_manual_export,Extrem niedrig,-945.0,0.0,-1221.3,False,25.9,0.2,OpenMeteo_API
2026-06-20,-1216.1,Loire,K447001001,Blois,France,47.5857,1.3328,Water Level,mm,"2016-2025 summer reference (10 summers, Hydro-Eaufrance)",HydroEaufrance_manual_export,Extrem niedrig,-944.1,0.0,-1221.3,False,25.6,1.5,OpenMeteo_API
2026-06-21,-1217.3,Loire,K447001001,Blois,France,47.5857,1.3328,Water Level,mm,"2016-2025 summer reference (10 summers, Hydro-Eaufrance)",HydroEaufrance_manual_export,Extrem niedrig,-945.0,0.0,-1221.3,False,29.0,0.2,OpenMeteo_API
2026-06-22,-1218.9,Loire,K447001001,Blois,France,47.5857,1.3328,Water Level,mm,"2016-2025 summer reference (10 summers, Hydro-Eaufrance)",HydroEaufrance_manual_export,Extrem niedrig,-945.0,0.0,-1221.3,False,31.5,0.1,OpenMeteo_API
2026-06-23,-1219.5,Loire,K447001001,Blois,France,47.5857,1.3328,Water Level,mm,"2016-2025 summer reference (10 summers, Hydro-Eaufrance)",HydroEaufrance_manual_export,Extrem niedrig,-945.0,0.0,-1221.3,False,32.5,0.0,OpenMeteo_API
2026-06-24,-1220.2,Loire,K447001001,Blois,France,47.5857,1.3328,Water Level,mm,"2016-2025 summer reference (10 summers, Hydro-Eaufrance)",HydroEaufrance_manual_export,Extrem niedrig,-950.7,0.0,-1221.3,False,30.8,1.1,OpenMeteo_API
2026-06-25,-1220.4,Loire,K447001001,Blois,France,47.5857,1.3328,Water Level,mm,"2016-2025 summer reference (10 summers, Hydro-Eaufrance)",HydroEaufrance_manual_export,Extrem niedrig,-958.0,0.0,-1221.3,False,32.3,0.2,OpenMeteo_API
2026-06-26,-1220.2,Loire,K447001001,Blois,France,47.5857,1.3328,Water Level,mm,"2016-2025 summer reference (10 summers, Hydro-Eaufrance)",HydroEaufrance_manual_export,Extrem niedrig,-962.4,0.0,-1221.3,False,30.0,2.9,OpenMeteo_API
2026-06-27,-1219.5,Loire,K447001001,Blois,France,47.5857,1.3328,Water Level,mm,"2016-2025 summer reference (10 summers, Hydro-Eaufrance)",HydroEaufrance_manual_export,Extrem niedrig,-968.9,0.0,-1221.3,False,27.9,0.3,OpenMeteo_API
2026-06-28,-1219.6,Loire,K447001001,Blois,France,47.5857,1.3328,Water Level,mm,"2016-2025 summer reference (10 summers, Hydro-Eaufrance)",HydroEaufrance_manual_export,Extrem niedrig,-981.0,0.0,-1221.3,False,24.4,2.7,OpenMeteo_API
2026-06-29,-1219.9,Loire,K447001001,Blois,France,47.5857,1.3328,Water Level,mm,"2016-2025 summer reference (10 summers, Hydro-Eaufrance)",HydroEaufrance_manual_export,Extrem niedrig,-985.9,0.0,-1221.3,False,21.9,0.1,OpenMeteo_API
2026-06-30,-1220.3,Loire,K447001001,Blois,France,47.5857,1.3328,Water Level,mm,"2016-2025 summer reference (10 summers, Hydro-Eaufrance)",HydroEaufrance_manual_export,Extrem niedrig,-999.4,0.0,-1221.3,False,23.5,0.0,OpenMeteo_API
2026-07-01,-1221.6,Loire,K447001001,Blois,France,47.5857,1.3328,Water Level,mm,"2016-2025 summer reference (10 summers, Hydro-Eaufrance)",HydroEaufrance_manual_export,Extrem niedrig,-1004.5,0.0,-1221.3,True,20.9,0.0,OpenMeteo_API
2026-07-02,-1221.5,Loire,K447001001,Blois,France,47.5857,1.3328,Water Level,mm,"2016-2025 summer reference (10 summers, Hydro-Eaufrance)",HydroEaufrance_manual_export,Extrem niedrig,-1010.9,0.0,-1221.3,True,20.9,0.0,OpenMeteo_API
2026-07-03,-1224.9,Loire,K447001001,Blois,France,47.5857,1.3328,Water Level,mm,"2016-2025 summer reference (10 summers, Hydro-Eaufrance)",HydroEaufrance_manual_export,Extrem niedrig,-1017.5,0.0,-1221.3,True,22.4,0.0,OpenMeteo_API
2026-07-04,-1223.6,Loire,K447001001,Blois,France,47.5857,1.3328,Water Level,mm,"2016-2025 summer reference (10 summers, Hydro-Eaufrance)",HydroEaufrance_manual_export,Extrem niedrig,-1026.3,0.0,-1221.3,True,23.3,0.0,OpenMeteo_API
2026-07-05,-1225.0,Loire,K447001001,Blois,France,47.5857,1.3328,Water Level,mm,"2016-2025 summer reference (10 summers, Hydro-Eaufrance)",HydroEaufrance_manual_export,Extrem niedrig,-1028.6,0.0,-1221.3,True,24.4,0.0,OpenMeteo_API
2026-07-06,-1224.5,Loire,K447001001,Blois,France,47.5857,1.3328,Water Level,mm,"2016-2025 summer reference (10 summers, Hydro-Eaufrance)",HydroEaufrance_manual_export,Extrem niedrig,-1036.5,0.0,-1221.3,True,26.6,0.0,OpenMeteo_API
2026-07-07,-1224.5,Loire,K447001001,Blois,France,47.5857,1.3328,Water Level,mm,"2016-2025 summer reference (10 summers, Hydro-Eaufrance)",HydroEaufrance_manual_export,Extrem niedrig,-1046.4,0.0,-1221.3,True,29.2,0.0,OpenMeteo_API
2026-07-08,-1225.0,Loire,K447001001,Blois,France,47.5857,1.3328,Water Level,mm,"2016-2025 summer reference (10 summers, Hydro-Eaufrance)",HydroEaufrance_manual_export,Extrem niedrig,-1053.8,0.0,-1221.3,True,27.2,0.0,OpenMeteo_API
2026-07-09,-1224.8,Loire,K447001001,Blois,France,47.5857,1.3328,Water Level,mm,"2016-2025 summer reference (10 summers, Hydro-Eaufrance)",HydroEaufrance_manual_export,Extrem niedrig,-1067.6,0.0,-1221.3,True,28.0,0.0,OpenMeteo_API
2026-07-10,-1225.5,Loire,K447001001,Blois,France,47.5857,1.3328,Water Level,mm,"2016-2025 summer reference (10 summers, Hydro-Eaufrance)",HydroEaufrance_manual_export,Extrem niedrig,-1080.8,0.0,-1221.3,True,29.3,0.0,OpenMeteo_API
2026-07-11,-1226.1,Loire,K447001001,Blois,France,47.5857,1.3328,Water Level,mm,"2016-2025 summer reference (10 summers, Hydro-Eaufrance)",HydroEaufrance_manual_export,Extrem niedrig,-1092.1,0.0,-1221.3,True,29.0,0.8,OpenMeteo_API
2026-07-12,-1225.6,Loire,K447001001,Blois,France,47.5857,1.3328,Water Level,mm,"2016-2025 summer reference (10 summers, Hydro-Eaufrance)",HydroEaufrance_manual_export,Extrem niedrig,-1101.2,0.0,-1221.3,True,30.8,0.0,OpenMeteo_API
2026-07-13,-1225.8,Loire,K447001001,Blois,France,47.5857,1.3328,Water Level,mm,"2016-2025 summer reference (10 summers, Hydro-Eaufrance)",HydroEaufrance_manual_export,Extrem niedrig,-1108.7,0.0,-1221.3,True,29.1,0.7,OpenMeteo_API
2026-07-14,-1227.0,Loire,K447001001,Blois,France,47.5857,1.3328,Water Level,mm,"2016-2025 summer reference (10 summers, Hydro-Eaufrance)",HydroEaufrance_manual_export,Extrem niedrig,-1118.8,0.0,-1221.3,True,28.1,0.0,OpenMeteo_API
2026-07-15,-1227.2,Loire,K447001001,Blois,France,47.5857,1.3328,Water Level,mm,"2016-2025 summer reference (10 summers, Hydro-Eaufrance)",HydroEaufrance_manual_export,Extrem niedrig,-1123.6,0.0,-1221.3,True,25.4,3.9,OpenMeteo_API
2026-07-16,-1228.4,Loire,K447001001,Blois,France,47.5857,1.3328,Water Level,mm,"2016-2025 summer reference (10 summers, Hydro-Eaufrance)",HydroEaufrance_manual_export,Extrem niedrig,-1128.8,0.0,-1221.3,True,23.6,2.1,OpenMeteo_API
2026-07-17,-1229.5,Loire,K447001001,Blois,France,47.5857,1.3328,Water Level,mm,"2016-2025 summer reference (10 summers, Hydro-Eaufrance)",HydroEaufrance_manual_export,Extrem niedrig,-1131.1,0.0,-1221.3,True,22.5,3.5,OpenMeteo_API
2026-07-18,-1229.8,Loire,K447001001,Blois,France,47.5857,1.3328,Water Level,mm,"2016-2025 summer reference (10 summers, Hydro-Eaufrance)",HydroEaufrance_manual_export,Extrem niedrig,-1135.2,0.0,-1221.3,True,23.2,0.2,OpenMeteo_API
2026-07-19,-1229.1,Loire,K447001001,Blois,France,47.5857,1.3328,Water Level,mm,"2016-2025 summer reference (10 summers, Hydro-Eaufrance)",HydroEaufrance_manual_export,Extrem niedrig,-1138.5,0.0,-1221.3,True,20.6,0.0,OpenMeteo_API
2026-07-20,-1230.1,Loire,K447001001,Blois,France,47.5857,1.3328,Water Level,mm,"2016-2025 summer reference (10 summers, Hydro-Eaufrance)",HydroEaufrance_manual_export,Extrem niedrig,-1142.0,0.0,-1221.3,True,19.7,0.0,OpenMeteo_API
2026-07-21,-1230.0,Loire,K447001001,Blois,France,47.5857,1.3328,Water Level,mm,"2016-2025 summer reference (10 summers, Hydro-Eaufrance)",HydroEaufrance_manual_export,Extrem niedrig,-1147.2,0.0,-1221.3,True,20.7,0.0,OpenMeteo_API
2026-07-22,-1230.5,Loire,K447001001,Blois,France,47.5857,1.3328,Water Level,mm,"2016-2025 summer reference (10 summers, Hydro-Eaufrance)",HydroEaufrance_manual_export,Extrem niedrig,-1148.7,0.0,-1221.3,True,21.4,0.0,OpenMeteo_API
2026-07-23,-1230.4,Loire,K447001001,Blois,France,47.5857,1.3328,Water Level,mm,"2016-2025 summer reference (10 summers, Hydro-Eaufrance)",HydroEaufrance_manual_export,Extrem niedrig,-1150.6,0.0,-1221.3,True,21.2,0.0,OpenMeteo_API
2026-07-24,-1230.6,Loire,K447001001,Blois,France,47.5857,1.3328,Water Level,mm,"2016-2025 summer reference (10 summers, Hydro-Eaufrance)",HydroEaufrance_manual_export,Extrem niedrig,-1151.2,0.0,-1221.3,True,22.9,0.0,OpenMeteo_API
2026-07-25,-1231.6,Loire,K447001001,Blois,France,47.5857,1.3328,Water Level,mm,"2016-2025 summer reference (10 summers, Hydro-Eaufrance)",HydroEaufrance_manual_export,Extrem niedrig,-1153.8,0.0,-1221.3,True,24.6,0.0,OpenMeteo_API
2026-07-26,-1231.1,Loire,K447001001,Blois,France,47.5857,1.3328,Water Level,mm,"2016-2025 summer reference (10 summers, Hydro-Eaufrance)",HydroEaufrance_manual_export,Extrem niedrig,-1155.4,0.0,-1221.3,True,21.2,0.5,OpenMeteo_API
2026-07-27,-1232.1,Loire,K447001001,Blois,France,47.5857,1.3328,Water Level,mm,"2016-2025 summer reference (10 summers, Hydro-Eaufrance)",HydroEaufrance_manual_export,Extrem niedrig,-1161.7,0.0,-1221.3,True,21.7,0.0,OpenMeteo_API
2026-07-28,-1232.1,Loire,K447001001,Blois,France,47.5857,1.3328,Water Level,mm,"2016-2025 summer reference (10 summers, Hydro-Eaufrance)",HydroEaufrance_manual_export,Extrem niedrig,-1164.8,0.0,-1221.3,True,25.5,0.0,OpenMeteo_API
2026-07-29,-1231.2,Loire,K447001001,Blois,France,47.5857,1.3328,Water Level,mm,"2016-2025 summer reference (10 summers, Hydro-Eaufrance)",HydroEaufrance_manual_export,Extrem niedrig,-1165.3,0.0,-1221.3,True,28.9,0.0,OpenMeteo_API
2026-07-30,-1230.6,Loire,K447001001,Blois,France,47.5857,1.3328,Water Level,mm,"2016-2025 summer reference (10 summers, Hydro-Eaufrance)",HydroEaufrance_manual_export,Extrem niedrig,-1167.1,0.0,-1221.3,True,24.4,4.9,OpenMeteo_API
2026-07-31,-1230.4,Loire,K447001001,Blois,France,47.5857,1.3328,Water Level,mm,"2016-2025 summer reference (10 summers, Hydro-Eaufrance)",HydroEaufrance_manual_export,Extrem niedrig,-1167.3,0.0,-1221.3,True,22.8,4.0,OpenMeteo_API
2026-08-01,-1230.9,Loire,K447001001,Blois,France,47.5857,1.3328,Water Level,mm,"2016-2025 summer reference (10 summers, Hydro-Eaufrance)",HydroEaufrance_manual_export,Extrem niedrig,-1167.5,0.0,-1221.3,True,22.5,0.0,OpenMeteo_API
2026-08-02,-1230.8,Loire,K447001001,Blois,France,47.5857,1.3328,Water Level,mm,"2016-2025 summer reference (10 summers, Hydro-Eaufrance)",HydroEaufrance_manual_export,Extrem niedrig,-1168.1,0.0,-1221.3,True,26.0,0.0,OpenMeteo_API
2026-08-03,-1231.1,Loire,K447001001,Blois,France,47.5857,1.3328,Water Level,mm,"2016-2025 summer reference (10 summers, Hydro-Eaufrance)",HydroEaufrance_manual_export,Extrem niedrig,-1167.1,0.0,-1221.3,True,26.3,1.6,OpenMeteo_API
2026-08-04,-1231.4,Loire,K447001001,Blois,France,47.5857,1.3328,Water Level,mm,"2016-2025 summer reference (10 summers, Hydro-Eaufrance)",HydroEaufrance_manual_export,Extrem niedrig,-1166.2,0.0,-1221.3,True,24.5,0.3,OpenMeteo_API
2026-08-05,-1230.4,Loire,K447001001,Blois,France,47.5857,1.3328,Water Level,mm,"2016-2025 summer reference (10 summers, Hydro-Eaufrance)",HydroEaufrance_manual_export,Extrem niedrig,-1167.1,0.0,-1221.3,True,22.3,0.1,OpenMeteo_API
2026-08-06,-1229.8,Loire,K447001001,Blois,France,47.5857,1.3328,Water Level,mm,"2016-2025 summer reference (10 summers, Hydro-Eaufrance)",HydroEaufrance_manual_export,Extrem niedrig,-1170.5,0.0,-1221.3,True,20.6,0.0,OpenMeteo_API
2026-08-07,-1230.0,Loire,K447001001,Blois,France,47.5857,1.3328,Water Level,mm,"2016-2025 summer reference (10 summers, Hydro-Eaufrance)",HydroEaufrance_manual_export,Extrem niedrig,-1170.2,0.0,-1221.3,True,20.8,0.0,OpenMeteo_API
2026-08-08,-1230.1,Loire,K447001001,Blois,France,47.5857,1.3328,Water Level,mm,"2016-2025 summer reference (10 summers, Hydro-Eaufrance)",HydroEaufrance_manual_export,Extrem niedrig,-1165.1,0.0,-1221.3,True,23.8,0.0,OpenMeteo_API
2026-08-09,-1231.0,Loire,K447001001,Blois,France,47.5857,1.3328,Water Level,mm,"2016-2025 summer reference (10 summers, Hydro-Eaufrance)",HydroEaufrance_manual_export,Extrem niedrig,-1162.8,0.0,-1221.3,True,26.8,0.0,OpenMeteo_API
2026-08-10,-1229.8,Loire,K447001001,Blois,France,47.5857,1.3328,Water Level,mm,"2016-2025 summer reference (10 summers, Hydro-Eaufrance)",HydroEaufrance_manual_export,Extrem niedrig,-1158.2,0.0,-1221.3,True,26.4,0.0,OpenMeteo_API
2026-08-11,-1230.9,Loire,K447001001,Blois,France,47.5857,1.3328,Water Level,mm,"2016-2025 summer reference (10 summers, Hydro-Eaufrance)",HydroEaufrance_manual_export,Extrem niedrig,-1157.8,0.0,-1221.3,True,28.1,0.0,OpenMeteo_API
2026-08-12,-1230.5,Loire,K447001001,Blois,France,47.5857,1.3328,Water Level,mm,"2016-2025 summer reference (10 summers, Hydro-Eaufrance)",HydroEaufrance_manual_export,Extrem niedrig,-1155.1,0.0,-1221.3,True,29.5,0.0,OpenMeteo_API
2026-08-13,-1229.4,Loire,K447001001,Blois,France,47.5857,1.3328,Water Level,mm,"2016-2025 summer reference (10 summers, Hydro-Eaufrance)",HydroEaufrance_manual_export,Extrem niedrig,-1152.4,0.0,-1221.3,True,30.6,0.0,OpenMeteo_API
2026-08-14,-1230.3,Loire,K447001001,Blois,France,47.5857,1.3328,Water Level,mm,"2016-2025 summer reference (10 summers, Hydro-Eaufrance)",HydroEaufrance_manual_export,Extrem niedrig,-1151.6,0.0,-1221.3,True,31.5,0.4,OpenMeteo_API
2026-08-15,-1230.4,Loire,K447001001,Blois,France,47.5857,1.3328,Water Level,mm,"2016-2025 summer reference (10 summers, Hydro-Eaufrance)",HydroEaufrance_manual_export,Extrem niedrig,-1151.6,0.0,-1221.3,True,26.9,0.0,OpenMeteo_API
2026-08-16,-1230.0,Loire,K447001001,Blois,France,47.5857,1.3328,Water Level,mm,"2016-2025 summer reference (10 summers, Hydro-Eaufrance)",HydroEaufrance_manual_export,Extrem niedrig,-1151.7,0.0,-1221.3,True,26.1,0.5,OpenMeteo_API
2026-08-17,-1230.0,Loire,K447001001,Blois,France,47.5857,1.3328,Water Level,mm,"2016-2025 summer reference (10 summers, Hydro-Eaufrance)",HydroEaufrance_manual_export,Extrem niedrig,-1152.7,0.0,-1221.3,True,24.8,0.0,OpenMeteo_API
2026-08-18,-1229.8,Loire,K447001001,Blois,France,47.5857,1.3328,Water Level,mm,"2016-2025 summer reference (10 summers, Hydro-Eaufrance)",HydroEaufrance_manual_export,Extrem niedrig,-1155.3,0.0,-1221.3,True,23.2,0.0,OpenMeteo_API
2026-08-19,-1228.8,Loire,K447001001,Blois,France,47.5857,1.3328,Water Level,mm,"2016-2025 summer reference (10 summers, Hydro-Eaufrance)",HydroEaufrance_manual_export,Extrem niedrig,-1158.0,0.0,-1221.3,True,22.9,1.6,OpenMeteo_API
2026-08-20,-1228.8,Loire,K447001001,Blois,France,47.5857,1.3328,Water Level,mm,"2016-2025 summer reference (10 summers, Hydro-Eaufrance)",HydroEaufrance_manual_export,Extrem niedrig,-1159.0,0.0,-1221.3,True,20.0,0.1,OpenMeteo_API
2026-08-21,-1227.4,Loire,K447001001,Blois,France,47.5857,1.3328,Water Level,mm,"2016-2025 summer reference (10 summers, Hydro-Eaufrance)",HydroEaufrance_manual_export,Extrem niedrig,-1160.2,0.0,-1221.3,True,18.7,0.8,OpenMeteo_API
2026-08-22,-1228.6,Loire,K447001001,Blois,France,47.5857,1.3328,Water Level,mm,"2016-2025 summer reference (10 summers, Hydro-Eaufrance)",HydroEaufrance_manual_export,Extrem niedrig,-1160.2,0.0,-1221.3,True,18.2,0.2,OpenMeteo_API
2026-08-23,-1230.1,Loire,K447001001,Blois,France,47.5857,1.3328,Water Level,mm,"2016-2025 summer reference (10 summers, Hydro-Eaufrance)",HydroEaufrance_manual_export,Extrem niedrig,-1160.2,0.0,-1221.3,True,20.4,0.1,OpenMeteo_API
2026-08-24,-1229.2,Loire,K447001001,Blois,France,47.5857,1.3328,Water Level,mm,"2016-2025 summer reference (10 summers, Hydro-Eaufrance)",HydroEaufrance_manual_export,Extrem niedrig,-1159.8,0.0,-1221.3,True,22.3,6.0,OpenMeteo_API
2026-08-25,-1229.2,Loire,K447001001,Blois,France,47.5857,1.3328,Water Level,mm,"2016-2025 summer reference (10 summers, Hydro-Eaufrance)",HydroEaufrance_manual_export,Extrem niedrig,-1160.7,0.0,-1221.3,True,20.6,0.5,OpenMeteo_API
2026-08-26,-1229.1,Loire,K447001001,Blois,France,47.5857,1.3328,Water Level,mm,"2016-2025 summer reference (10 summers, Hydro-Eaufrance)",HydroEaufrance_manual_export,Extrem niedrig,-1160.7,0.0,-1221.3,True,22.6,3.1,OpenMeteo_API
2026-08-27,-1229.0,Loire,K447001001,Blois,France,47.5857,1.3328,Water Level,mm,"2016-2025 summer reference (10 summers, Hydro-Eaufrance)",HydroEaufrance_manual_export,Extrem niedrig,-1162.5,0.0,-1221.3,True,20.3,11.6,OpenMeteo_API
2026-06-01,372.7,Rhône,V303002002,Ternay,France,45.6082,4.8029,Water Level,mm,"2016-2025 summer reference (10 summers, Hydro-Eaufrance)",HydroEaufrance_manual_export,Niedrig,543.7,31.0,44.3,False,22.4,0.0,OpenMeteo_API
2026-06-02,350.6,Rhône,V303002002,Ternay,France,45.6082,4.8029,Water Level,mm,"2016-2025 summer reference (10 summers, Hydro-Eaufrance)",HydroEaufrance_manual_export,Niedrig,561.6,27.8,44.3,False,20.3,2.5,OpenMeteo_API
2026-06-03,348.3,Rhône,V303002002,Ternay,France,45.6082,4.8029,Water Level,mm,"2016-2025 summer reference (10 summers, Hydro-Eaufrance)",HydroEaufrance_manual_export,Niedrig,561.6,25.2,44.3,False,18.9,0.0,OpenMeteo_API
2026-06-04,503.7,Rhône,V303002002,Ternay,France,45.6082,4.8029,Water Level,mm,"2016-2025 summer reference (10 summers, Hydro-Eaufrance)",HydroEaufrance_manual_export,Niedrig,561.6,45.3,44.3,False,16.0,20.7,OpenMeteo_API
2026-06-05,521.7,Rhône,V303002002,Ternay,France,45.6082,4.8029,Water Level,mm,"2016-2025 summer reference (10 summers, Hydro-Eaufrance)",HydroEaufrance_manual_export,Niedrig,561.6,45.7,44.3,False,15.6,0.4,OpenMeteo_API
2026-06-06,318.3,Rhône,V303002002,Ternay,France,45.6082,4.8029,Water Level,mm,"2016-2025 summer reference (10 summers, Hydro-Eaufrance)",HydroEaufrance_manual_export,Sehr niedrig,557.2,17.5,44.3,False,18.7,0.5,OpenMeteo_API
2026-06-07,267.1,Rhône,V303002002,Ternay,France,45.6082,4.8029,Water Level,mm,"2016-2025 summer reference (10 summers, Hydro-Eaufrance)",HydroEaufrance_manual_export,Extrem niedrig,548.4,8.2,44.3,False,19.5,0.0,OpenMeteo_API
2026-06-08,264.8,Rhône,V303002002,Ternay,France,45.6082,4.8029,Water Level,mm,"2016-2025 summer reference (10 summers, Hydro-Eaufrance)",HydroEaufrance_manual_export,Extrem niedrig,552.8,7.3,44.3,False,20.7,5.9,OpenMeteo_API
2026-06-09,273.8,Rhône,V303002002,Ternay,France,45.6082,4.8029,Water Level,mm,"2016-2025 summer reference (10 summers, Hydro-Eaufrance)",HydroEaufrance_manual_export,Extrem niedrig,564.5,6.7,44.3,False,17.8,2.4,OpenMeteo_API
2026-06-10,300.4,Rhône,V303002002,Ternay,France,45.6082,4.8029,Water Level,mm,"2016-2025 summer reference (10 summers, Hydro-Eaufrance)",HydroEaufrance_manual_export,Sehr niedrig,573.8,14.7,44.3,False,16.4,0.2,OpenMeteo_API
2026-06-11,236.4,Rhône,V303002002,Ternay,France,45.6082,4.8029,Water Level,mm,"2016-2025 summer reference (10 summers, Hydro-Eaufrance)",HydroEaufrance_manual_export,Extrem niedrig,592.5,3.3,44.3,False,17.6,0.0,OpenMeteo_API
2026-06-12,301.9,Rhône,V303002002,Ternay,France,45.6082,4.8029,Water Level,mm,"2016-2025 summer reference (10 summers, Hydro-Eaufrance)",HydroEaufrance_manual_export,Sehr niedrig,592.5,16.7,44.3,False,20.5,0.0,OpenMeteo_API
2026-06-13,263.9,Rhône,V303002002,Ternay,France,45.6082,4.8029,Water Level,mm,"2016-2025 summer reference (10 summers, Hydro-Eaufrance)",HydroEaufrance_manual_export,Sehr niedrig,579.2,10.7,44.3,False,23.4,0.0,OpenMeteo_API
2026-06-14,313.3,Rhône,V303002002,Ternay,France,45.6082,4.8029,Water Level,mm,"2016-2025 summer reference (10 summers, Hydro-Eaufrance)",HydroEaufrance_manual_export,Sehr niedrig,562.3,21.3,44.3,False,24.3,0.0,OpenMeteo_API
2026-06-15,303.8,Rhône,V303002002,Ternay,France,45.6082,4.8029,Water Level,mm,"2016-2025 summer reference (10 summers, Hydro-Eaufrance)",HydroEaufrance_manual_export,Sehr niedrig,545.8,19.3,44.3,False,23.9,0.0,OpenMeteo_API
2026-06-16,280.1,Rhône,V303002002,Ternay,France,45.6082,4.8029,Water Level,mm,"2016-2025 summer reference (10 summers, Hydro-Eaufrance)",HydroEaufrance_manual_export,Sehr niedrig,540.2,14.0,44.3,False,25.8,0.0,OpenMeteo_API
2026-06-17,265.3,Rhône,V303002002,Ternay,France,45.6082,4.8029,Water Level,mm,"2016-2025 summer reference (10 summers, Hydro-Eaufrance)",HydroEaufrance_manual_export,Sehr niedrig,522.0,14.0,44.3,False,27.2,0.0,OpenMeteo_API
2026-06-18,253.1,Rhône,V303002002,Ternay,France,45.6082,4.8029,Water Level,mm,"2016-2025 summer reference (10 summers, Hydro-Eaufrance)",HydroEaufrance_manual_export,Sehr niedrig,489.0,12.7,44.3,False,28.9,0.0,OpenMeteo_API
2026-06-19,254.7,Rhône,V303002002,Ternay,France,45.6082,4.8029,Water Level,mm,"2016-2025 summer reference (10 summers, Hydro-Eaufrance)",HydroEaufrance_manual_export,Sehr niedrig,485.0,13.3,44.3,False,28.0,0.0,OpenMeteo_API
2026-06-20,309.7,Rhône,V303002002,Ternay,France,45.6082,4.8029,Water Level,mm,"2016-2025 summer reference (10 summers, Hydro-Eaufrance)",HydroEaufrance_manual_export,Sehr niedrig,471.9,24.0,44.3,False,28.9,0.0,OpenMeteo_API
2026-06-21,249.6,Rhône,V303002002,Ternay,France,45.6082,4.8029,Water Level,mm,"2016-2025 summer reference (10 summers, Hydro-Eaufrance)",HydroEaufrance_manual_export,Sehr niedrig,441.9,13.3,44.3,False,29.6,0.0,OpenMeteo_API
2026-06-22,335.3,Rhône,V303002002,Ternay,France,45.6082,4.8029,Water Level,mm,"2016-2025 summer reference (10 summers, Hydro-Eaufrance)",HydroEaufrance_manual_export,Niedrig,461.0,32.0,44.3,False,31.3,0.0,OpenMeteo_API
2026-06-23,270.7,Rhône,V303002002,Ternay,France,45.6082,4.8029,Water Level,mm,"2016-2025 summer reference (10 summers, Hydro-Eaufrance)",HydroEaufrance_manual_export,Sehr niedrig,467.6,18.0,44.3,False,31.8,0.0,OpenMeteo_API
2026-06-24,281.7,Rhône,V303002002,Ternay,France,45.6082,4.8029,Water Level,mm,"2016-2025 summer reference (10 summers, Hydro-Eaufrance)",HydroEaufrance_manual_export,Sehr niedrig,458.5,18.7,44.3,False,30.5,0.4,OpenMeteo_API
2026-06-25,264.6,Rhône,V303002002,Ternay,France,45.6082,4.8029,Water Level,mm,"2016-2025 summer reference (10 summers, Hydro-Eaufrance)",HydroEaufrance_manual_export,Sehr niedrig,451.4,16.0,44.3,False,30.2,0.0,OpenMeteo_API
2026-06-26,265.0,Rhône,V303002002,Ternay,France,45.6082,4.8029,Water Level,mm,"2016-2025 summer reference (10 summers, Hydro-Eaufrance)",HydroEaufrance_manual_export,Sehr niedrig,441.9,17.3,44.3,False,31.5,0.0,OpenMeteo_API
2026-06-27,241.6,Rhône,V303002002,Ternay,France,45.6082,4.8029,Water Level,mm,"2016-2025 summer reference (10 summers, Hydro-Eaufrance)",HydroEaufrance_manual_export,Sehr niedrig,428.8,12.7,44.3,False,31.2,0.0,OpenMeteo_API
2026-06-28,292.5,Rhône,V303002002,Ternay,France,45.6082,4.8029,Water Level,mm,"2016-2025 summer reference (10 summers, Hydro-Eaufrance)",HydroEaufrance_manual_export,Niedrig,415.7,27.3,44.3,False,30.1,1.1,OpenMeteo_API
2026-06-29,282.8,Rhône,V303002002,Ternay,France,45.6082,4.8029,Water Level,mm,"2016-2025 summer reference (10 summers, Hydro-Eaufrance)",HydroEaufrance_manual_export,Sehr niedrig,402.6,23.3,44.3,False,25.4,5.8,OpenMeteo_API
2026-06-30,249.8,Rhône,V303002002,Ternay,France,45.6082,4.8029,Water Level,mm,"2016-2025 summer reference (10 summers, Hydro-Eaufrance)",HydroEaufrance_manual_export,Sehr niedrig,402.6,17.3,44.3,False,27.9,0.7,OpenMeteo_API
2026-07-01,270.2,Rhône,V303002002,Ternay,France,45.6082,4.8029,Water Level,mm,"2016-2025 summer reference (10 summers, Hydro-Eaufrance)",HydroEaufrance_manual_export,Sehr niedrig,390.8,24.0,44.3,False,25.4,3.8,OpenMeteo_API
2026-07-02,219.1,Rhône,V303002002,Ternay,France,45.6082,4.8029,Water Level,mm,"2016-2025 summer reference (10 summers, Hydro-Eaufrance)",HydroEaufrance_manual_export,Sehr niedrig,367.8,14.0,44.3,False,24.9,0.0,OpenMeteo_API
2026-07-03,226.9,Rhône,V303002002,Ternay,France,45.6082,4.8029,Water Level,mm,"2016-2025 summer reference (10 summers, Hydro-Eaufrance)",HydroEaufrance_manual_export,Sehr niedrig,362.1,14.7,44.3,False,26.0,0.0,OpenMeteo_API
2026-07-04,241.4,Rhône,V303002002,Ternay,France,45.6082,4.8029,Water Level,mm,"2016-2025 summer reference (10 summers, Hydro-Eaufrance)",HydroEaufrance_manual_export,Sehr niedrig,356.0,18.0,44.3,False,26.0,0.0,OpenMeteo_API
2026-07-05,275.8,Rhône,V303002002,Ternay,France,45.6082,4.8029,Water Level,mm,"2016-2025 summer reference (10 summers, Hydro-Eaufrance)",HydroEaufrance_manual_export,Niedrig,356.0,28.7,44.3,False,27.6,0.0,OpenMeteo_API
2026-07-06,274.8,Rhône,V303002002,Ternay,France,45.6082,4.8029,Water Level,mm,"2016-2025 summer reference (10 summers, Hydro-Eaufrance)",HydroEaufrance_manual_export,Niedrig,348.5,29.3,44.3,False,27.9,0.0,OpenMeteo_API
2026-07-07,274.1,Rhône,V303002002,Ternay,France,45.6082,4.8029,Water Level,mm,"2016-2025 summer reference (10 summers, Hydro-Eaufrance)",HydroEaufrance_manual_export,Niedrig,342.5,29.3,44.3,False,28.9,0.0,OpenMeteo_API
2026-07-08,219.7,Rhône,V303002002,Ternay,France,45.6082,4.8029,Water Level,mm,"2016-2025 summer reference (10 summers, Hydro-Eaufrance)",HydroEaufrance_manual_export,Sehr niedrig,331.6,18.7,44.3,False,28.9,0.0,OpenMeteo_API
2026-07-09,217.8,Rhône,V303002002,Ternay,France,45.6082,4.8029,Water Level,mm,"2016-2025 summer reference (10 summers, Hydro-Eaufrance)",HydroEaufrance_manual_export,Sehr niedrig,326.6,17.3,44.3,False,29.8,0.0,OpenMeteo_API
2026-07-10,193.3,Rhône,V303002002,Ternay,France,45.6082,4.8029,Water Level,mm,"2016-2025 summer reference (10 summers, Hydro-Eaufrance)",HydroEaufrance_manual_export,Sehr niedrig,317.0,10.7,44.3,False,30.0,0.0,OpenMeteo_API
2026-07-11,269.9,Rhône,V303002002,Ternay,France,45.6082,4.8029,Water Level,mm,"2016-2025 summer reference (10 summers, Hydro-Eaufrance)",HydroEaufrance_manual_export,Niedrig,312.6,36.0,44.3,False,28.9,0.9,OpenMeteo_API
2026-07-12,302.9,Rhône,V303002002,Ternay,France,45.6082,4.8029,Water Level,mm,"2016-2025 summer reference (10 summers, Hydro-Eaufrance)",HydroEaufrance_manual_export,Niedrig,308.9,46.0,44.3,False,29.9,0.0,OpenMeteo_API
2026-07-13,288.1,Rhône,V303002002,Ternay,France,45.6082,4.8029,Water Level,mm,"2016-2025 summer reference (10 summers, Hydro-Eaufrance)",HydroEaufrance_manual_export,Niedrig,308.9,40.0,44.3,False,30.3,0.0,OpenMeteo_API
2026-07-14,321.3,Rhône,V303002002,Ternay,France,45.6082,4.8029,Water Level,mm,"2016-2025 summer reference (10 summers, Hydro-Eaufrance)",HydroEaufrance_manual_export,Normal,304.1,56.7,44.3,False,30.5,0.3,OpenMeteo_API
2026-07-15,308.9,Rhône,V303002002,Ternay,France,45.6082,4.8029,Water Level,mm,"2016-2025 summer reference (10 summers, Hydro-Eaufrance)",HydroEaufrance_manual_export,Normal,300.8,54.7,44.3,False,28.0,3.6,OpenMeteo_API
2026-07-16,357.1,Rhône,V303002002,Ternay,France,45.6082,4.8029,Water Level,mm,"2016-2025 summer reference (10 summers, Hydro-Eaufrance)",HydroEaufrance_manual_export,Normal,298.9,67.3,44.3,False,25.9,2.6,OpenMeteo_API
2026-07-17,389.2,Rhône,V303002002,Ternay,France,45.6082,4.8029,Water Level,mm,"2016-2025 summer reference (10 summers, Hydro-Eaufrance)",HydroEaufrance_manual_export,Normal,296.9,72.0,44.3,False,25.2,9.1,OpenMeteo_API
2026-07-18,243.2,Rhône,V303002002,Ternay,France,45.6082,4.8029,Water Level,mm,"2016-2025 summer reference (10 summers, Hydro-Eaufrance)",HydroEaufrance_manual_export,Sehr niedrig,296.5,21.3,44.3,False,26.6,0.2,OpenMeteo_API
2026-07-19,252.1,Rhône,V303002002,Ternay,France,45.6082,4.8029,Water Level,mm,"2016-2025 summer reference (10 summers, Hydro-Eaufrance)",HydroEaufrance_manual_export,Niedrig,296.2,26.0,44.3,False,25.7,0.0,OpenMeteo_API
2026-07-20,278.4,Rhône,V303002002,Ternay,France,45.6082,4.8029,Water Level,mm,"2016-2025 summer reference (10 summers, Hydro-Eaufrance)",HydroEaufrance_manual_export,Niedrig,296.2,39.3,44.3,False,24.2,0.0,OpenMeteo_API
2026-07-21,310.2,Rhône,V303002002,Ternay,France,45.6082,4.8029,Water Level,mm,"2016-2025 summer reference (10 summers, Hydro-Eaufrance)",HydroEaufrance_manual_export,Normal,295.8,59.3,44.3,False,23.3,0.0,OpenMeteo_API
2026-07-22,293.2,Rhône,V303002002,Ternay,France,45.6082,4.8029,Water Level,mm,"2016-2025 summer reference (10 summers, Hydro-Eaufrance)",HydroEaufrance_manual_export,Niedrig,294.8,48.7,44.3,False,24.4,0.0,OpenMeteo_API
2026-07-23,299.1,Rhône,V303002002,Ternay,France,45.6082,4.8029,Water Level,mm,"2016-2025 summer reference (10 summers, Hydro-Eaufrance)",HydroEaufrance_manual_export,Normal,296.2,52.0,44.3,False,23.9,0.0,OpenMeteo_API
2026-07-24,231.3,Rhône,V303002002,Ternay,France,45.6082,4.8029,Water Level,mm,"2016-2025 summer reference (10 summers, Hydro-Eaufrance)",HydroEaufrance_manual_export,Sehr niedrig,296.4,11.3,44.3,False,25.5,0.0,OpenMeteo_API
2026-07-25,322.4,Rhône,V303002002,Ternay,France,45.6082,4.8029,Water Level,mm,"2016-2025 summer reference (10 summers, Hydro-Eaufrance)",HydroEaufrance_manual_export,Normal,294.8,58.7,44.3,False,25.0,2.5,OpenMeteo_API
2026-07-26,322.2,Rhône,V303002002,Ternay,France,45.6082,4.8029,Water Level,mm,"2016-2025 summer reference (10 summers, Hydro-Eaufrance)",HydroEaufrance_manual_export,Normal,295.8,58.7,44.3,False,22.1,16.1,OpenMeteo_API
2026-07-27,316.5,Rhône,V303002002,Ternay,France,45.6082,4.8029,Water Level,mm,"2016-2025 summer reference (10 summers, Hydro-Eaufrance)",HydroEaufrance_manual_export,Normal,295.8,58.7,44.3,False,23.3,0.5,OpenMeteo_API
2026-07-28,306.5,Rhône,V303002002,Ternay,France,45.6082,4.8029,Water Level,mm,"2016-2025 summer reference (10 summers, Hydro-Eaufrance)",HydroEaufrance_manual_export,Normal,296.4,55.3,44.3,False,26.9,0.0,OpenMeteo_API
2026-07-29,275.3,Rhône,V303002002,Ternay,France,45.6082,4.8029,Water Level,mm,"2016-2025 summer reference (10 summers, Hydro-Eaufrance)",HydroEaufrance_manual_export,Niedrig,301.8,36.0,44.3,False,29.6,0.0,OpenMeteo_API
2026-07-30,303.7,Rhône,V303002002,Ternay,France,45.6082,4.8029,Water Level,mm,"2016-2025 summer reference (10 summers, Hydro-Eaufrance)",HydroEaufrance_manual_export,Normal,302.0,50.7,44.3,False,27.8,0.5,OpenMeteo_API
2026-07-31,311.2,Rhône,V303002002,Ternay,France,45.6082,4.8029,Water Level,mm,"2016-2025 summer reference (10 summers, Hydro-Eaufrance)",HydroEaufrance_manual_export,Normal,304.4,52.0,44.3,False,26.9,1.9,OpenMeteo_API
2026-08-01,298.7,Rhône,V303002002,Ternay,France,45.6082,4.8029,Water Level,mm,"2016-2025 summer reference (10 summers, Hydro-Eaufrance)",HydroEaufrance_manual_export,Niedrig,313.9,45.3,44.3,False,27.0,0.7,OpenMeteo_API
2026-08-02,279.4,Rhône,V303002002,Ternay,France,45.6082,4.8029,Water Level,mm,"2016-2025 summer reference (10 summers, Hydro-Eaufrance)",HydroEaufrance_manual_export,Niedrig,320.6,34.7,44.3,False,28.6,0.0,OpenMeteo_API
2026-08-03,331.7,Rhône,V303002002,Ternay,France,45.6082,4.8029,Water Level,mm,"2016-2025 summer reference (10 summers, Hydro-Eaufrance)",HydroEaufrance_manual_export,Normal,325.6,51.3,44.3,False,30.4,0.0,OpenMeteo_API
2026-08-04,317.5,Rhône,V303002002,Ternay,France,45.6082,4.8029,Water Level,mm,"2016-2025 summer reference (10 summers, Hydro-Eaufrance)",HydroEaufrance_manual_export,Niedrig,333.4,45.3,44.3,False,27.6,2.3,OpenMeteo_API
2026-08-05,309.9,Rhône,V303002002,Ternay,France,45.6082,4.8029,Water Level,mm,"2016-2025 summer reference (10 summers, Hydro-Eaufrance)",HydroEaufrance_manual_export,Niedrig,326.1,41.3,44.3,False,27.2,0.0,OpenMeteo_API
2026-08-06,281.5,Rhône,V303002002,Ternay,France,45.6082,4.8029,Water Level,mm,"2016-2025 summer reference (10 summers, Hydro-Eaufrance)",HydroEaufrance_manual_export,Niedrig,324.5,30.0,44.3,False,27.3,0.0,OpenMeteo_API
2026-08-07,315.2,Rhône,V303002002,Ternay,France,45.6082,4.8029,Water Level,mm,"2016-2025 summer reference (10 summers, Hydro-Eaufrance)",HydroEaufrance_manual_export,Niedrig,317.4,48.7,44.3,False,26.0,0.0,OpenMeteo_API
2026-08-08,323.1,Rhône,V303002002,Ternay,France,45.6082,4.8029,Water Level,mm,"2016-2025 summer reference (10 summers, Hydro-Eaufrance)",HydroEaufrance_manual_export,Normal,312.4,55.3,44.3,False,27.2,0.0,OpenMeteo_API
2026-08-09,291.0,Rhône,V303002002,Ternay,France,45.6082,4.8029,Water Level,mm,"2016-2025 summer reference (10 summers, Hydro-Eaufrance)",HydroEaufrance_manual_export,Niedrig,313.5,37.3,44.3,False,27.8,1.7,OpenMeteo_API
2026-08-10,297.6,Rhône,V303002002,Ternay,France,45.6082,4.8029,Water Level,mm,"2016-2025 summer reference (10 summers, Hydro-Eaufrance)",HydroEaufrance_manual_export,Niedrig,314.2,42.0,44.3,False,26.4,1.6,OpenMeteo_API
2026-08-11,327.2,Rhône,V303002002,Ternay,France,45.6082,4.8029,Water Level,mm,"2016-2025 summer reference (10 summers, Hydro-Eaufrance)",HydroEaufrance_manual_export,Normal,315.9,58.0,44.3,False,26.2,1.1,OpenMeteo_API
2026-08-12,294.4,Rhône,V303002002,Ternay,France,45.6082,4.8029,Water Level,mm,"2016-2025 summer reference (10 summers, Hydro-Eaufrance)",HydroEaufrance_manual_export,Niedrig,317.4,37.3,44.3,False,27.6,0.0,OpenMeteo_API
2026-08-13,306.3,Rhône,V303002002,Ternay,France,45.6082,4.8029,Water Level,mm,"2016-2025 summer reference (10 summers, Hydro-Eaufrance)",HydroEaufrance_manual_export,Niedrig,314.2,46.0,44.3,False,29.6,0.0,OpenMeteo_API
2026-08-14,295.2,Rhône,V303002002,Ternay,France,45.6082,4.8029,Water Level,mm,"2016-2025 summer reference (10 summers, Hydro-Eaufrance)",HydroEaufrance_manual_export,Niedrig,312.9,38.7,44.3,False,29.8,0.3,OpenMeteo_API
2026-08-15,290.3,Rhône,V303002002,Ternay,France,45.6082,4.8029,Water Level,mm,"2016-2025 summer reference (10 summers, Hydro-Eaufrance)",HydroEaufrance_manual_export,Niedrig,312.9,37.3,44.3,False,28.9,0.3,OpenMeteo_API
2026-08-16,276.8,Rhône,V303002002,Ternay,France,45.6082,4.8029,Water Level,mm,"2016-2025 summer reference (10 summers, Hydro-Eaufrance)",HydroEaufrance_manual_export,Niedrig,311.2,32.0,44.3,False,28.1,0.2,OpenMeteo_API
2026-08-17,296.7,Rhône,V303002002,Ternay,France,45.6082,4.8029,Water Level,mm,"2016-2025 summer reference (10 summers, Hydro-Eaufrance)",HydroEaufrance_manual_export,Niedrig,308.9,42.7,44.3,False,25.9,3.6,OpenMeteo_API
2026-08-18,295.3,Rhône,V303002002,Ternay,France,45.6082,4.8029,Water Level,mm,"2016-2025 summer reference (10 summers, Hydro-Eaufrance)",HydroEaufrance_manual_export,Niedrig,305.7,43.3,44.3,False,26.2,0.0,OpenMeteo_API
2026-08-19,275.2,Rhône,V303002002,Ternay,France,45.6082,4.8029,Water Level,mm,"2016-2025 summer reference (10 summers, Hydro-Eaufrance)",HydroEaufrance_manual_export,Niedrig,301.0,37.3,44.3,False,28.2,0.2,OpenMeteo_API
2026-08-20,291.8,Rhône,V303002002,Ternay,France,45.6082,4.8029,Water Level,mm,"2016-2025 summer reference (10 summers, Hydro-Eaufrance)",HydroEaufrance_manual_export,Niedrig,301.0,44.0,44.3,False,24.6,13.8,OpenMeteo_API
2026-08-21,358.9,Rhône,V303002002,Ternay,France,45.6082,4.8029,Water Level,mm,"2016-2025 summer reference (10 summers, Hydro-Eaufrance)",HydroEaufrance_manual_export,Normal,301.0,78.7,44.3,False,19.7,19.6,OpenMeteo_API
2026-08-22,330.6,Rhône,V303002002,Ternay,France,45.6082,4.8029,Water Level,mm,"2016-2025 summer reference (10 summers, Hydro-Eaufrance)",HydroEaufrance_manual_export,Normal,301.5,68.0,44.3,False,20.0,0.0,OpenMeteo_API
2026-08-23,282.1,Rhône,V303002002,Ternay,France,45.6082,4.8029,Water Level,mm,"2016-2025 summer reference (10 summers, Hydro-Eaufrance)",HydroEaufrance_manual_export,Niedrig,303.3,39.3,44.3,False,22.0,0.0,OpenMeteo_API
2026-08-24,300.4,Rhône,V303002002,Ternay,France,45.6082,4.8029,Water Level,mm,"2016-2025 summer reference (10 summers, Hydro-Eaufrance)",HydroEaufrance_manual_export,Niedrig,303.4,45.5,44.3,False,22.9,25.3,OpenMeteo_API
2026-08-25,316.4,Rhône,V303002002,Ternay,France,45.6082,4.8029,Water Level,mm,"2016-2025 summer reference (10 summers, Hydro-Eaufrance)",HydroEaufrance_manual_export,Normal,303.4,56.4,44.3,False,22.3,0.3,OpenMeteo_API
2026-08-26,354.0,Rhône,V303002002,Ternay,France,45.6082,4.8029,Water Level,mm,"2016-2025 summer reference (10 summers, Hydro-Eaufrance)",HydroEaufrance_manual_export,Normal,304.6,74.8,44.3,False,25.1,0.0,OpenMeteo_API
2026-08-27,347.6,Rhône,V303002002,Ternay,France,45.6082,4.8029,Water Level,mm,"2016-2025 summer reference (10 summers, Hydro-Eaufrance)",HydroEaufrance_manual_export,Normal,304.6,71.7,44.3,False,28.9,0.0,OpenMeteo_API
2026-08-28,358.4,Rhône,V303002002,Ternay,France,45.6082,4.8029,Water Level,mm,"2016-2025 summer reference (10 summers, Hydro-Eaufrance)",HydroEaufrance_manual_export,Normal,307.6,75.7,44.3,False,23.8,17.6,OpenMeteo_API
2026-08-29,345.0,Rhône,V303002002,Ternay,France,45.6082,4.8029,Water Level,mm,"2016-2025 summer reference (10 summers, Hydro-Eaufrance)",HydroEaufrance_manual_export,Normal,311.3,71.0,44.3,False,21.0,0.0,OpenMeteo_API
2026-08-30,343.6,Rhône,V303002002,Ternay,France,45.6082,4.8029,Water Level,mm,"2016-2025 summer reference (10 summers, Hydro-Eaufrance)",HydroEaufrance_manual_export,Normal,310.3,72.3,44.3,False,23.2,0.0,OpenMeteo_API
2026-08-31,271.3,Rhône,V303002002,Ternay,France,45.6082,4.8029,Water Level,mm,"2016-2025 summer reference (10 summers, Hydro-Eaufrance)",HydroEaufrance_manual_export,Niedrig,310.3,26.0,44.3,False,22.2,3.0,OpenMeteo_API
2026-06-01,64.0,Elbe,DRESDEN,Dresden,Germany,51.0543,13.7389,Water Level,cm,1991-2020,NIWIS_manual_export,Extrem niedrig,108.23,59.13,46.0,False,17.5,3.0,OpenMeteo_API
2026-06-02,85.0,Elbe,DRESDEN,Dresden,Germany,51.0543,13.7389,Water Level,cm,1991-2020,NIWIS_manual_export,Niedrig,107.71,78.92,46.0,False,19.1,0.2,OpenMeteo_API
2026-06-03,78.0,Elbe,DRESDEN,Dresden,Germany,51.0543,13.7389,Water Level,cm,1991-2020,NIWIS_manual_export,Sehr niedrig,107.23,72.74,46.0,False,16.6,5.5,OpenMeteo_API
2026-06-04,81.0,Elbe,DRESDEN,Dresden,Germany,51.0543,13.7389,Water Level,cm,1991-2020,NIWIS_manual_export,Sehr niedrig,106.77,75.86,46.0,False,17.6,3.9,OpenMeteo_API
2026-06-05,82.0,Elbe,DRESDEN,Dresden,Germany,51.0543,13.7389,Water Level,cm,1991-2020,NIWIS_manual_export,Sehr niedrig,106.34,77.11,46.0,False,16.0,5.5,OpenMeteo_API
2026-06-06,86.0,Elbe,DRESDEN,Dresden,Germany,51.0543,13.7389,Water Level,cm,1991-2020,NIWIS_manual_export,Niedrig,105.92,81.19,46.0,False,17.5,0.3,OpenMeteo_API
2026-06-07,83.0,Elbe,DRESDEN,Dresden,Germany,51.0543,13.7389,Water Level,cm,1991-2020,NIWIS_manual_export,Niedrig,105.52,78.66,46.0,False,18.0,1.4,OpenMeteo_API
2026-06-08,84.0,Elbe,DRESDEN,Dresden,Germany,51.0543,13.7389,Water Level,cm,1991-2020,NIWIS_manual_export,Niedrig,105.17,79.87,46.0,False,19.4,0.0,OpenMeteo_API
2026-06-09,78.0,Elbe,DRESDEN,Dresden,Germany,51.0543,13.7389,Water Level,cm,1991-2020,NIWIS_manual_export,Sehr niedrig,104.81,74.42,46.0,False,18.0,0.9,OpenMeteo_API
2026-06-10,75.0,Elbe,DRESDEN,Dresden,Germany,51.0543,13.7389,Water Level,cm,1991-2020,NIWIS_manual_export,Sehr niedrig,104.46,71.8,46.0,False,15.2,1.4,OpenMeteo_API
2026-06-11,72.0,Elbe,DRESDEN,Dresden,Germany,51.0543,13.7389,Water Level,cm,1991-2020,NIWIS_manual_export,Sehr niedrig,104.1,69.16,46.0,False,13.4,3.5,OpenMeteo_API
2026-06-12,92.0,Elbe,DRESDEN,Dresden,Germany,51.0543,13.7389,Water Level,cm,1991-2020,NIWIS_manual_export,Niedrig,103.78,88.65,46.0,False,14.2,5.0,OpenMeteo_API
2026-06-13,91.0,Elbe,DRESDEN,Dresden,Germany,51.0543,13.7389,Water Level,cm,1991-2020,NIWIS_manual_export,Niedrig,103.46,87.96,46.0,False,16.2,4.0,OpenMeteo_API
2026-06-14,93.0,Elbe,DRESDEN,Dresden,Germany,51.0543,13.7389,Water Level,cm,1991-2020,NIWIS_manual_export,Niedrig,103.17,90.14,46.0,False,14.1,1.6,OpenMeteo_API
2026-06-15,90.0,Elbe,DRESDEN,Dresden,Germany,51.0543,13.7389,Water Level,cm,1991-2020,NIWIS_manual_export,Niedrig,102.88,87.48,46.0,False,13.9,0.7,OpenMeteo_API
2026-06-16,81.0,Elbe,DRESDEN,Dresden,Germany,51.0543,13.7389,Water Level,cm,1991-2020,NIWIS_manual_export,Niedrig,102.59,78.96,46.0,False,16.5,2.9,OpenMeteo_API
2026-06-17,85.0,Elbe,DRESDEN,Dresden,Germany,51.0543,13.7389,Water Level,cm,1991-2020,NIWIS_manual_export,Niedrig,102.3,83.09,46.0,False,19.9,0.3,OpenMeteo_API
2026-06-18,77.0,Elbe,DRESDEN,Dresden,Germany,51.0543,13.7389,Water Level,cm,1991-2020,NIWIS_manual_export,Sehr niedrig,102.01,75.48,46.0,False,24.3,0.3,OpenMeteo_API
2026-06-19,70.0,Elbe,DRESDEN,Dresden,Germany,51.0543,13.7389,Water Level,cm,1991-2020,NIWIS_manual_export,Sehr niedrig,101.72,68.82,46.0,False,27.2,0.7,OpenMeteo_API
2026-06-20,69.0,Elbe,DRESDEN,Dresden,Germany,51.0543,13.7389,Water Level,cm,1991-2020,NIWIS_manual_export,Sehr niedrig,101.4,68.05,46.0,False,25.7,0.5,OpenMeteo_API
2026-06-21,67.0,Elbe,DRESDEN,Dresden,Germany,51.0543,13.7389,Water Level,cm,1991-2020,NIWIS_manual_export,Sehr niedrig,101.1,66.27,46.0,False,23.9,4.8,OpenMeteo_API
2026-06-22,71.0,Elbe,DRESDEN,Dresden,Germany,51.0543,13.7389,Water Level,cm,1991-2020,NIWIS_manual_export,Sehr niedrig,100.78,70.45,46.0,False,23.3,0.6,OpenMeteo_API
2026-06-23,77.0,Elbe,DRESDEN,Dresden,Germany,51.0543,13.7389,Water Level,cm,1991-2020,NIWIS_manual_export,Niedrig,100.49,76.62,46.0,False,23.6,0.0,OpenMeteo_API
2026-06-24,69.0,Elbe,DRESDEN,Dresden,Germany,51.0543,13.7389,Water Level,cm,1991-2020,NIWIS_manual_export,Sehr niedrig,100.2,68.86,46.0,False,25.9,0.0,OpenMeteo_API
2026-06-25,63.0,Elbe,DRESDEN,Dresden,Germany,51.0543,13.7389,Water Level,cm,1991-2020,NIWIS_manual_export,Sehr niedrig,99.91,63.06,46.0,False,28.3,0.0,OpenMeteo_API
2026-06-26,62.0,Elbe,DRESDEN,Dresden,Germany,51.0543,13.7389,Water Level,cm,1991-2020,NIWIS_manual_export,Extrem niedrig,99.61,62.24,46.0,False,29.1,0.0,OpenMeteo_API
2026-06-27,62.0,Elbe,DRESDEN,Dresden,Germany,51.0543,13.7389,Water Level,cm,1991-2020,NIWIS_manual_export,Sehr niedrig,99.32,62.42,46.0,False,32.1,0.0,OpenMeteo_API
2026-06-28,51.0,Elbe,DRESDEN,Dresden,Germany,51.0543,13.7389,Water Level,cm,1991-2020,NIWIS_manual_export,Extrem niedrig,99.03,51.5,46.0,False,33.2,0.1,OpenMeteo_API
2026-06-29,55.0,Elbe,DRESDEN,Dresden,Germany,51.0543,13.7389,Water Level,cm,1991-2020,NIWIS_manual_export,Extrem niedrig,98.74,55.7,46.0,False,24.6,11.8,OpenMeteo_API
2026-06-30,52.0,Elbe,DRESDEN,Dresden,Germany,51.0543,13.7389,Water Level,cm,1991-2020,NIWIS_manual_export,Extrem niedrig,98.49,52.8,46.0,False,20.9,7.0,OpenMeteo_API
2026-07-01,59.0,Elbe,DRESDEN,Dresden,Germany,51.0543,13.7389,Water Level,cm,1991-2020,NIWIS_manual_export,Extrem niedrig,98.23,60.06,46.0,False,19.0,10.5,OpenMeteo_API
2026-07-02,98.0,Elbe,DRESDEN,Dresden,Germany,51.0543,13.7389,Water Level,cm,1991-2020,NIWIS_manual_export,Normal,97.98,100.02,46.0,False,20.8,1.7,OpenMeteo_API
2026-07-03,93.0,Elbe,DRESDEN,Dresden,Germany,51.0543,13.7389,Water Level,cm,1991-2020,NIWIS_manual_export,Niedrig,97.75,95.14,46.0,False,17.7,0.1,OpenMeteo_API
2026-07-04,83.0,Elbe,DRESDEN,Dresden,Germany,51.0543,13.7389,Water Level,cm,1991-2020,NIWIS_manual_export,Niedrig,97.52,85.11,46.0,False,16.4,2.2,OpenMeteo_API
2026-07-05,73.0,Elbe,DRESDEN,Dresden,Germany,51.0543,13.7389,Water Level,cm,1991-2020,NIWIS_manual_export,Niedrig,97.33,75.0,46.0,False,18.5,4.2,OpenMeteo_API
2026-07-06,67.0,Elbe,DRESDEN,Dresden,Germany,51.0543,13.7389,Water Level,cm,1991-2020,NIWIS_manual_export,Sehr niedrig,97.14,68.97,46.0,False,18.0,3.0,OpenMeteo_API
2026-07-07,68.0,Elbe,DRESDEN,Dresden,Germany,51.0543,13.7389,Water Level,cm,1991-2020,NIWIS_manual_export,Sehr niedrig,96.91,70.17,46.0,False,21.3,1.5,OpenMeteo_API
2026-07-08,73.0,Elbe,DRESDEN,Dresden,Germany,51.0543,13.7389,Water Level,cm,1991-2020,NIWIS_manual_export,Niedrig,96.72,75.48,46.0,False,18.2,0.2,OpenMeteo_API
2026-07-09,70.0,Elbe,DRESDEN,Dresden,Germany,51.0543,13.7389,Water Level,cm,1991-2020,NIWIS_manual_export,Niedrig,96.49,72.55,46.0,False,18.4,0.0,OpenMeteo_API
2026-07-10,64.0,Elbe,DRESDEN,Dresden,Germany,51.0543,13.7389,Water Level,cm,1991-2020,NIWIS_manual_export,Sehr niedrig,96.27,66.48,46.0,False,20.6,0.0,OpenMeteo_API
2026-07-11,56.0,Elbe,DRESDEN,Dresden,Germany,51.0543,13.7389,Water Level,cm,1991-2020,NIWIS_manual_export,Extrem niedrig,96.04,58.31,46.0,False,21.7,0.0,OpenMeteo_API
2026-07-12,54.0,Elbe,DRESDEN,Dresden,Germany,51.0543,13.7389,Water Level,cm,1991-2020,NIWIS_manual_export,Extrem niedrig,95.85,56.34,46.0,False,23.5,0.2,OpenMeteo_API
2026-07-13,54.0,Elbe,DRESDEN,Dresden,Germany,51.0543,13.7389,Water Level,cm,1991-2020,NIWIS_manual_export,Extrem niedrig,95.65,56.46,46.0,False,24.1,0.0,OpenMeteo_API
2026-07-14,53.0,Elbe,DRESDEN,Dresden,Germany,51.0543,13.7389,Water Level,cm,1991-2020,NIWIS_manual_export,Extrem niedrig,95.46,55.52,46.0,False,21.0,10.4,OpenMeteo_API
2026-07-15,57.0,Elbe,DRESDEN,Dresden,Germany,51.0543,13.7389,Water Level,cm,1991-2020,NIWIS_manual_export,Sehr niedrig,95.27,59.83,46.0,False,19.8,2.5,OpenMeteo_API
2026-07-16,63.0,Elbe,DRESDEN,Dresden,Germany,51.0543,13.7389,Water Level,cm,1991-2020,NIWIS_manual_export,Sehr niedrig,95.04,66.29,46.0,False,21.9,0.1,OpenMeteo_API
2026-07-17,77.0,Elbe,DRESDEN,Dresden,Germany,51.0543,13.7389,Water Level,cm,1991-2020,NIWIS_manual_export,Niedrig,94.85,81.18,46.0,False,23.2,0.2,OpenMeteo_API
2026-07-18,66.0,Elbe,DRESDEN,Dresden,Germany,51.0543,13.7389,Water Level,cm,1991-2020,NIWIS_manual_export,Niedrig,94.65,69.73,46.0,False,20.8,2.3,OpenMeteo_API
2026-07-19,67.0,Elbe,DRESDEN,Dresden,Germany,51.0543,13.7389,Water Level,cm,1991-2020,NIWIS_manual_export,Niedrig,94.46,70.93,46.0,False,16.1,6.6,OpenMeteo_API
2026-07-20,72.0,Elbe,DRESDEN,Dresden,Germany,51.0543,13.7389,Water Level,cm,1991-2020,NIWIS_manual_export,Niedrig,94.27,76.38,46.0,False,15.8,0.8,OpenMeteo_API
2026-07-21,69.0,Elbe,DRESDEN,Dresden,Germany,51.0543,13.7389,Water Level,cm,1991-2020,NIWIS_manual_export,Niedrig,94.07,73.35,46.0,False,16.6,1.2,OpenMeteo_API
2026-07-22,68.0,Elbe,DRESDEN,Dresden,Germany,51.0543,13.7389,Water Level,cm,1991-2020,NIWIS_manual_export,Niedrig,93.89,72.43,46.0,False,16.7,0.7,OpenMeteo_API
2026-07-23,59.0,Elbe,DRESDEN,Dresden,Germany,51.0543,13.7389,Water Level,cm,1991-2020,NIWIS_manual_export,Sehr niedrig,93.73,62.95,46.0,False,14.9,3.3,OpenMeteo_API
2026-07-24,57.0,Elbe,DRESDEN,Dresden,Germany,51.0543,13.7389,Water Level,cm,1991-2020,NIWIS_manual_export,Sehr niedrig,93.57,60.92,46.0,False,16.7,0.2,OpenMeteo_API
2026-07-25,54.0,Elbe,DRESDEN,Dresden,Germany,51.0543,13.7389,Water Level,cm,1991-2020,NIWIS_manual_export,Sehr niedrig,93.41,57.81,46.0,False,20.9,0.0,OpenMeteo_API
2026-07-26,59.0,Elbe,DRESDEN,Dresden,Germany,51.0543,13.7389,Water Level,cm,1991-2020,NIWIS_manual_export,Sehr niedrig,93.25,63.27,46.0,False,23.0,0.0,OpenMeteo_API
2026-07-27,52.0,Elbe,DRESDEN,Dresden,Germany,51.0543,13.7389,Water Level,cm,1991-2020,NIWIS_manual_export,Extrem niedrig,93.12,55.84,46.0,False,19.2,4.7,OpenMeteo_API
2026-07-28,54.0,Elbe,DRESDEN,Dresden,Germany,51.0543,13.7389,Water Level,cm,1991-2020,NIWIS_manual_export,Sehr niedrig,92.99,58.07,46.0,False,19.0,0.0,OpenMeteo_API
2026-07-29,63.0,Elbe,DRESDEN,Dresden,Germany,51.0543,13.7389,Water Level,cm,1991-2020,NIWIS_manual_export,Niedrig,92.83,67.87,46.0,False,22.8,0.0,OpenMeteo_API
2026-07-30,54.0,Elbe,DRESDEN,Dresden,Germany,51.0543,13.7389,Water Level,cm,1991-2020,NIWIS_manual_export,Sehr niedrig,92.67,58.27,46.0,False,28.1,0.0,OpenMeteo_API
2026-07-31,51.0,Elbe,DRESDEN,Dresden,Germany,51.0543,13.7389,Water Level,cm,1991-2020,NIWIS_manual_export,Extrem niedrig,92.5,55.14,46.0,False,26.1,0.8,OpenMeteo_API
2026-08-01,53.0,Elbe,DRESDEN,Dresden,Germany,51.0543,13.7389,Water Level,cm,1991-2020,NIWIS_manual_export,Extrem niedrig,92.31,57.42,46.0,False,19.9,1.8,OpenMeteo_API
2026-08-02,54.0,Elbe,DRESDEN,Dresden,Germany,51.0543,13.7389,Water Level,cm,1991-2020,NIWIS_manual_export,Sehr niedrig,92.11,58.63,46.0,False,18.5,0.0,OpenMeteo_API
2026-08-03,52.0,Elbe,DRESDEN,Dresden,Germany,51.0543,13.7389,Water Level,cm,1991-2020,NIWIS_manual_export,Extrem niedrig,91.92,56.57,46.0,False,23.4,0.0,OpenMeteo_API
2026-08-04,53.0,Elbe,DRESDEN,Dresden,Germany,51.0543,13.7389,Water Level,cm,1991-2020,NIWIS_manual_export,Sehr niedrig,91.73,57.78,46.0,False,25.7,2.6,OpenMeteo_API
2026-08-05,54.0,Elbe,DRESDEN,Dresden,Germany,51.0543,13.7389,Water Level,cm,1991-2020,NIWIS_manual_export,Sehr niedrig,91.53,59.0,46.0,False,26.2,0.7,OpenMeteo_API
2026-08-06,53.0,Elbe,DRESDEN,Dresden,Germany,51.0543,13.7389,Water Level,cm,1991-2020,NIWIS_manual_export,Sehr niedrig,91.34,58.02,46.0,False,24.9,0.3,OpenMeteo_API
2026-08-07,52.0,Elbe,DRESDEN,Dresden,Germany,51.0543,13.7389,Water Level,cm,1991-2020,NIWIS_manual_export,Extrem niedrig,91.18,57.03,46.0,False,19.6,0.0,OpenMeteo_API
2026-08-08,52.0,Elbe,DRESDEN,Dresden,Germany,51.0543,13.7389,Water Level,cm,1991-2020,NIWIS_manual_export,Extrem niedrig,91.02,57.13,46.0,False,19.2,0.0,OpenMeteo_API
2026-08-09,52.0,Elbe,DRESDEN,Dresden,Germany,51.0543,13.7389,Water Level,cm,1991-2020,NIWIS_manual_export,Extrem niedrig,90.89,57.21,46.0,False,24.5,0.0,OpenMeteo_API
2026-08-10,52.0,Elbe,DRESDEN,Dresden,Germany,51.0543,13.7389,Water Level,cm,1991-2020,NIWIS_manual_export,Extrem niedrig,90.76,57.29,46.0,False,25.8,0.2,OpenMeteo_API
2026-08-11,51.0,Elbe,DRESDEN,Dresden,Germany,51.0543,13.7389,Water Level,cm,1991-2020,NIWIS_manual_export,Extrem niedrig,90.63,56.27,46.0,False,18.9,0.0,OpenMeteo_API
2026-08-12,51.0,Elbe,DRESDEN,Dresden,Germany,51.0543,13.7389,Water Level,cm,1991-2020,NIWIS_manual_export,Extrem niedrig,90.5,56.35,46.0,False,19.0,0.0,OpenMeteo_API
2026-08-13,50.0,Elbe,DRESDEN,Dresden,Germany,51.0543,13.7389,Water Level,cm,1991-2020,NIWIS_manual_export,Extrem niedrig,90.37,55.33,46.0,False,21.2,0.0,OpenMeteo_API
2026-08-14,46.0,Elbe,DRESDEN,Dresden,Germany,51.0543,13.7389,Water Level,cm,1991-2020,NIWIS_manual_export,Extrem niedrig,90.21,50.99,46.0,False,23.5,0.0,OpenMeteo_API
2026-08-15,43.0,Elbe,DRESDEN,Dresden,Germany,51.0543,13.7389,Water Level,cm,1991-2020,NIWIS_manual_export,Extrem niedrig,90.05,47.75,46.0,True,27.1,0.0,OpenMeteo_API
2026-08-16,43.0,Elbe,DRESDEN,Dresden,Germany,51.0543,13.7389,Water Level,cm,1991-2020,NIWIS_manual_export,Extrem niedrig,89.92,47.82,46.0,True,21.9,5.6,OpenMeteo_API
2026-08-17,48.0,Elbe,DRESDEN,Dresden,Germany,51.0543,13.7389,Water Level,cm,1991-2020,NIWIS_manual_export,Extrem niedrig,89.76,53.48,46.0,False,17.2,23.1,OpenMeteo_API
2026-08-18,71.0,Elbe,DRESDEN,Dresden,Germany,51.0543,13.7389,Water Level,cm,1991-2020,NIWIS_manual_export,Niedrig,89.6,79.24,46.0,False,16.2,2.1,OpenMeteo_API
2026-08-19,65.0,Elbe,DRESDEN,Dresden,Germany,51.0543,13.7389,Water Level,cm,1991-2020,NIWIS_manual_export,Niedrig,89.44,72.67,46.0,False,19.1,10.4,OpenMeteo_API
2026-08-20,71.0,Elbe,DRESDEN,Dresden,Germany,51.0543,13.7389,Water Level,cm,1991-2020,NIWIS_manual_export,Niedrig,89.27,79.53,46.0,False,20.0,1.4,OpenMeteo_API
2026-08-21,73.0,Elbe,DRESDEN,Dresden,Germany,51.0543,13.7389,Water Level,cm,1991-2020,NIWIS_manual_export,Niedrig,89.11,81.92,46.0,False,18.7,16.1,OpenMeteo_API
2026-08-22,89.0,Elbe,DRESDEN,Dresden,Germany,51.0543,13.7389,Water Level,cm,1991-2020,NIWIS_manual_export,Normal,88.94,100.07,46.0,False,15.1,8.0,OpenMeteo_API
2026-08-23,124.0,Elbe,DRESDEN,Dresden,Germany,51.0543,13.7389,Water Level,cm,1991-2020,NIWIS_manual_export,Normal,88.75,139.72,46.0,False,14.8,0.0,OpenMeteo_API
2026-08-24,101.0,Elbe,DRESDEN,Dresden,Germany,51.0543,13.7389,Water Level,cm,1991-2020,NIWIS_manual_export,Normal,88.56,114.05,46.0,False,14.5,0.0,OpenMeteo_API
2026-08-25,85.0,Elbe,DRESDEN,Dresden,Germany,51.0543,13.7389,Water Level,cm,1991-2020,NIWIS_manual_export,Niedrig,88.36,96.2,46.0,False,16.6,0.0,OpenMeteo_API
2026-08-26,74.0,Elbe,DRESDEN,Dresden,Germany,51.0543,13.7389,Water Level,cm,1991-2020,NIWIS_manual_export,Niedrig,88.17,83.93,46.0,False,15.7,5.4,OpenMeteo_API
2026-08-27,64.0,Elbe,DRESDEN,Dresden,Germany,51.0543,13.7389,Water Level,cm,1991-2020,NIWIS_manual_export,Niedrig,88.01,72.72,46.0,False,20.0,0.0,OpenMeteo_API
2026-08-28,61.0,Elbe,DRESDEN,Dresden,Germany,51.0543,13.7389,Water Level,cm,1991-2020,NIWIS_manual_export,Sehr niedrig,87.82,69.46,46.0,False,21.0,3.7,OpenMeteo_API
2026-08-29,61.0,Elbe,DRESDEN,Dresden,Germany,51.0543,13.7389,Water Level,cm,1991-2020,NIWIS_manual_export,Sehr niedrig,87.67,69.58,46.0,False,19.6,3.0,OpenMeteo_API
2026-08-30,80.0,Elbe,DRESDEN,Dresden,Germany,51.0543,13.7389,Water Level,cm,1991-2020,NIWIS_manual_export,Niedrig,87.54,91.39,46.0,False,21.0,0.6,OpenMeteo_API
2026-08-31,71.0,Elbe,DRESDEN,Dresden,Germany,51.0543,13.7389,Water Level,cm,1991-2020,NIWIS_manual_export,Niedrig,87.41,81.23,46.0,False,19.2,2.3,OpenMeteo_API
2026-06-01,108.0,Rhine,KAUB,Kaub,Germany,50.0847,7.7634,Water Level,cm,1991-2020,NIWIS_manual_export,Sehr niedrig,195.06,55.37,25.0,False,19.0,1.1,OpenMeteo_API
2026-06-02,111.0,Rhine,KAUB,Kaub,Germany,50.0847,7.7634,Water Level,cm,1991-2020,NIWIS_manual_export,Sehr niedrig,195.11,56.89,25.0,False,17.7,10.2,OpenMeteo_API
2026-06-03,117.0,Rhine,KAUB,Kaub,Germany,50.0847,7.7634,Water Level,cm,1991-2020,NIWIS_manual_export,Sehr niedrig,195.15,59.95,25.0,False,16.3,3.3,OpenMeteo_API
2026-06-04,132.0,Rhine,KAUB,Kaub,Germany,50.0847,7.7634,Water Level,cm,1991-2020,NIWIS_manual_export,Sehr niedrig,195.18,67.63,25.0,False,16.8,3.1,OpenMeteo_API
2026-06-05,149.0,Rhine,KAUB,Kaub,Germany,50.0847,7.7634,Water Level,cm,1991-2020,NIWIS_manual_export,Niedrig,195.18,76.34,25.0,False,15.3,1.3,OpenMeteo_API
2026-06-06,155.0,Rhine,KAUB,Kaub,Germany,50.0847,7.7634,Water Level,cm,1991-2020,NIWIS_manual_export,Niedrig,195.1,79.45,25.0,False,17.3,0.9,OpenMeteo_API
2026-06-07,154.0,Rhine,KAUB,Kaub,Germany,50.0847,7.7634,Water Level,cm,1991-2020,NIWIS_manual_export,Niedrig,194.98,78.98,25.0,False,16.4,0.0,OpenMeteo_API
2026-06-08,145.0,Rhine,KAUB,Kaub,Germany,50.0847,7.7634,Water Level,cm,1991-2020,NIWIS_manual_export,Niedrig,194.85,74.42,25.0,False,18.2,1.3,OpenMeteo_API
2026-06-09,135.0,Rhine,KAUB,Kaub,Germany,50.0847,7.7634,Water Level,cm,1991-2020,NIWIS_manual_export,Sehr niedrig,194.72,69.33,25.0,False,15.7,0.1,OpenMeteo_API
2026-06-10,125.0,Rhine,KAUB,Kaub,Germany,50.0847,7.7634,Water Level,cm,1991-2020,NIWIS_manual_export,Sehr niedrig,194.49,64.27,25.0,False,13.6,4.7,OpenMeteo_API
2026-06-11,124.0,Rhine,KAUB,Kaub,Germany,50.0847,7.7634,Water Level,cm,1991-2020,NIWIS_manual_export,Sehr niedrig,194.23,63.84,25.0,False,13.8,3.0,OpenMeteo_API
2026-06-12,128.0,Rhine,KAUB,Kaub,Germany,50.0847,7.7634,Water Level,cm,1991-2020,NIWIS_manual_export,Sehr niedrig,193.94,66.0,25.0,False,16.8,7.9,OpenMeteo_API
2026-06-13,137.0,Rhine,KAUB,Kaub,Germany,50.0847,7.7634,Water Level,cm,1991-2020,NIWIS_manual_export,Sehr niedrig,193.69,70.73,25.0,False,18.6,0.1,OpenMeteo_API
2026-06-14,140.0,Rhine,KAUB,Kaub,Germany,50.0847,7.7634,Water Level,cm,1991-2020,NIWIS_manual_export,Sehr niedrig,193.37,72.4,25.0,False,15.4,1.2,OpenMeteo_API
2026-06-15,128.0,Rhine,KAUB,Kaub,Germany,50.0847,7.7634,Water Level,cm,1991-2020,NIWIS_manual_export,Sehr niedrig,193.02,66.31,25.0,False,15.7,0.0,OpenMeteo_API
2026-06-16,120.0,Rhine,KAUB,Kaub,Germany,50.0847,7.7634,Water Level,cm,1991-2020,NIWIS_manual_export,Sehr niedrig,192.64,62.29,25.0,False,20.0,3.6,OpenMeteo_API
2026-06-17,115.0,Rhine,KAUB,Kaub,Germany,50.0847,7.7634,Water Level,cm,1991-2020,NIWIS_manual_export,Sehr niedrig,192.22,59.83,25.0,False,23.0,0.3,OpenMeteo_API
2026-06-18,108.0,Rhine,KAUB,Kaub,Germany,50.0847,7.7634,Water Level,cm,1991-2020,NIWIS_manual_export,Extrem niedrig,191.77,56.32,25.0,False,27.2,0.0,OpenMeteo_API
2026-06-19,109.0,Rhine,KAUB,Kaub,Germany,50.0847,7.7634,Water Level,cm,1991-2020,NIWIS_manual_export,Extrem niedrig,191.25,56.99,25.0,False,27.2,3.7,OpenMeteo_API
2026-06-20,106.0,Rhine,KAUB,Kaub,Germany,50.0847,7.7634,Water Level,cm,1991-2020,NIWIS_manual_export,Extrem niedrig,190.7,55.58,25.0,False,27.6,1.3,OpenMeteo_API
2026-06-21,104.0,Rhine,KAUB,Kaub,Germany,50.0847,7.7634,Water Level,cm,1991-2020,NIWIS_manual_export,Extrem niedrig,190.11,54.71,25.0,False,26.3,5.1,OpenMeteo_API
2026-06-22,106.0,Rhine,KAUB,Kaub,Germany,50.0847,7.7634,Water Level,cm,1991-2020,NIWIS_manual_export,Extrem niedrig,189.5,55.94,25.0,False,28.2,0.0,OpenMeteo_API
2026-06-23,104.0,Rhine,KAUB,Kaub,Germany,50.0847,7.7634,Water Level,cm,1991-2020,NIWIS_manual_export,Extrem niedrig,188.85,55.07,25.0,False,27.6,0.0,OpenMeteo_API
2026-06-24,97.0,Rhine,KAUB,Kaub,Germany,50.0847,7.7634,Water Level,cm,1991-2020,NIWIS_manual_export,Extrem niedrig,188.15,51.55,25.0,False,30.0,0.0,OpenMeteo_API
2026-06-25,87.0,Rhine,KAUB,Kaub,Germany,50.0847,7.7634,Water Level,cm,1991-2020,NIWIS_manual_export,Extrem niedrig,187.44,46.41,25.0,False,31.3,0.0,OpenMeteo_API
2026-06-26,84.0,Rhine,KAUB,Kaub,Germany,50.0847,7.7634,Water Level,cm,1991-2020,NIWIS_manual_export,Extrem niedrig,186.7,44.99,25.0,False,32.0,0.0,OpenMeteo_API
2026-06-27,81.0,Rhine,KAUB,Kaub,Germany,50.0847,7.7634,Water Level,cm,1991-2020,NIWIS_manual_export,Extrem niedrig,185.93,43.56,25.0,False,32.6,0.5,OpenMeteo_API
2026-06-28,80.0,Rhine,KAUB,Kaub,Germany,50.0847,7.7634,Water Level,cm,1991-2020,NIWIS_manual_export,Extrem niedrig,185.12,43.22,25.0,False,30.5,0.4,OpenMeteo_API
2026-06-29,80.0,Rhine,KAUB,Kaub,Germany,50.0847,7.7634,Water Level,cm,1991-2020,NIWIS_manual_export,Extrem niedrig,184.34,43.4,25.0,False,23.7,11.3,OpenMeteo_API
2026-06-30,87.0,Rhine,KAUB,Kaub,Germany,50.0847,7.7634,Water Level,cm,1991-2020,NIWIS_manual_export,Extrem niedrig,183.56,47.4,25.0,False,24.0,0.6,OpenMeteo_API
2026-07-01,92.0,Rhine,KAUB,Kaub,Germany,50.0847,7.7634,Water Level,cm,1991-2020,NIWIS_manual_export,Extrem niedrig,182.82,50.32,25.0,False,22.1,1.8,OpenMeteo_API
2026-07-02,102.0,Rhine,KAUB,Kaub,Germany,50.0847,7.7634,Water Level,cm,1991-2020,NIWIS_manual_export,Extrem niedrig,182.1,56.01,25.0,False,21.9,1.9,OpenMeteo_API
2026-07-03,110.0,Rhine,KAUB,Kaub,Germany,50.0847,7.7634,Water Level,cm,1991-2020,NIWIS_manual_export,Extrem niedrig,181.36,60.65,25.0,False,19.8,0.0,OpenMeteo_API
2026-07-04,121.0,Rhine,KAUB,Kaub,Germany,50.0847,7.7634,Water Level,cm,1991-2020,NIWIS_manual_export,Sehr niedrig,180.59,67.0,25.0,False,21.7,0.0,OpenMeteo_API
2026-07-05,117.0,Rhine,KAUB,Kaub,Germany,50.0847,7.7634,Water Level,cm,1991-2020,NIWIS_manual_export,Sehr niedrig,179.78,65.08,25.0,False,21.3,3.7,OpenMeteo_API
2026-07-06,108.0,Rhine,KAUB,Kaub,Germany,50.0847,7.7634,Water Level,cm,1991-2020,NIWIS_manual_export,Extrem niedrig,178.98,60.34,25.0,False,23.4,0.2,OpenMeteo_API
2026-07-07,99.0,Rhine,KAUB,Kaub,Germany,50.0847,7.7634,Water Level,cm,1991-2020,NIWIS_manual_export,Extrem niedrig,178.18,55.56,25.0,False,25.4,0.0,OpenMeteo_API
2026-07-08,86.0,Rhine,KAUB,Kaub,Germany,50.0847,7.7634,Water Level,cm,1991-2020,NIWIS_manual_export,Extrem niedrig,177.38,48.48,25.0,False,21.8,0.1,OpenMeteo_API
2026-07-09,78.0,Rhine,KAUB,Kaub,Germany,50.0847,7.7634,Water Level,cm,1991-2020,NIWIS_manual_export,Extrem niedrig,176.54,44.18,25.0,False,22.5,0.0,OpenMeteo_API
2026-07-10,71.0,Rhine,KAUB,Kaub,Germany,50.0847,7.7634,Water Level,cm,1991-2020,NIWIS_manual_export,Extrem niedrig,175.64,40.42,25.0,False,24.5,0.0,OpenMeteo_API
2026-07-11,62.0,Rhine,KAUB,Kaub,Germany,50.0847,7.7634,Water Level,cm,1991-2020,NIWIS_manual_export,Extrem niedrig,174.73,35.48,25.0,False,25.5,0.0,OpenMeteo_API
2026-07-12,58.0,Rhine,KAUB,Kaub,Germany,50.0847,7.7634,Water Level,cm,1991-2020,NIWIS_manual_export,Extrem niedrig,173.81,33.37,25.0,False,26.6,0.0,OpenMeteo_API
2026-07-13,54.0,Rhine,KAUB,Kaub,Germany,50.0847,7.7634,Water Level,cm,1991-2020,NIWIS_manual_export,Extrem niedrig,172.9,31.23,25.0,False,27.6,0.0,OpenMeteo_API
2026-07-14,46.0,Rhine,KAUB,Kaub,Germany,50.0847,7.7634,Water Level,cm,1991-2020,NIWIS_manual_export,Extrem niedrig,171.91,26.76,25.0,False,26.5,0.8,OpenMeteo_API
2026-07-15,42.0,Rhine,KAUB,Kaub,Germany,50.0847,7.7634,Water Level,cm,1991-2020,NIWIS_manual_export,Extrem niedrig,170.94,24.57,25.0,False,24.0,0.4,OpenMeteo_API
2026-07-16,45.0,Rhine,KAUB,Kaub,Germany,50.0847,7.7634,Water Level,cm,1991-2020,NIWIS_manual_export,Extrem niedrig,169.94,26.48,25.0,False,24.7,0.7,OpenMeteo_API
2026-07-17,54.0,Rhine,KAUB,Kaub,Germany,50.0847,7.7634,Water Level,cm,1991-2020,NIWIS_manual_export,Extrem niedrig,168.94,31.96,25.0,False,21.9,4.7,OpenMeteo_API
2026-07-18,66.0,Rhine,KAUB,Kaub,Germany,50.0847,7.7634,Water Level,cm,1991-2020,NIWIS_manual_export,Extrem niedrig,167.98,39.29,25.0,False,20.3,4.9,OpenMeteo_API
2026-07-19,78.0,Rhine,KAUB,Kaub,Germany,50.0847,7.7634,Water Level,cm,1991-2020,NIWIS_manual_export,Extrem niedrig,167.04,46.7,25.0,False,18.2,0.0,OpenMeteo_API
2026-07-20,84.0,Rhine,KAUB,Kaub,Germany,50.0847,7.7634,Water Level,cm,1991-2020,NIWIS_manual_export,Extrem niedrig,166.14,50.56,25.0,False,16.7,0.0,OpenMeteo_API
2026-07-21,81.0,Rhine,KAUB,Kaub,Germany,50.0847,7.7634,Water Level,cm,1991-2020,NIWIS_manual_export,Extrem niedrig,165.24,49.02,25.0,False,18.8,0.0,OpenMeteo_API
2026-07-22,70.0,Rhine,KAUB,Kaub,Germany,50.0847,7.7634,Water Level,cm,1991-2020,NIWIS_manual_export,Extrem niedrig,164.34,42.59,25.0,False,18.2,0.0,OpenMeteo_API
2026-07-23,59.0,Rhine,KAUB,Kaub,Germany,50.0847,7.7634,Water Level,cm,1991-2020,NIWIS_manual_export,Extrem niedrig,163.44,36.1,25.0,False,18.4,0.0,OpenMeteo_API
2026-07-24,47.0,Rhine,KAUB,Kaub,Germany,50.0847,7.7634,Water Level,cm,1991-2020,NIWIS_manual_export,Extrem niedrig,162.54,28.92,25.0,False,20.2,0.0,OpenMeteo_API
2026-07-25,41.0,Rhine,KAUB,Kaub,Germany,50.0847,7.7634,Water Level,cm,1991-2020,NIWIS_manual_export,Extrem niedrig,161.69,25.36,25.0,False,23.8,0.0,OpenMeteo_API
2026-07-26,38.0,Rhine,KAUB,Kaub,Germany,50.0847,7.7634,Water Level,cm,1991-2020,NIWIS_manual_export,Extrem niedrig,160.85,23.62,25.0,False,22.3,2.0,OpenMeteo_API
2026-07-27,33.0,Rhine,KAUB,Kaub,Germany,50.0847,7.7634,Water Level,cm,1991-2020,NIWIS_manual_export,Extrem niedrig,160.02,20.62,25.0,False,20.5,1.6,OpenMeteo_API
2026-07-28,29.0,Rhine,KAUB,Kaub,Germany,50.0847,7.7634,Water Level,cm,1991-2020,NIWIS_manual_export,Extrem niedrig,159.22,18.21,25.0,False,23.2,0.0,OpenMeteo_API
2026-07-29,29.0,Rhine,KAUB,Kaub,Germany,50.0847,7.7634,Water Level,cm,1991-2020,NIWIS_manual_export,Extrem niedrig,158.44,18.3,25.0,False,28.4,0.0,OpenMeteo_API
2026-07-30,28.0,Rhine,KAUB,Kaub,Germany,50.0847,7.7634,Water Level,cm,1991-2020,NIWIS_manual_export,Extrem niedrig,157.64,17.76,25.0,False,28.3,0.2,OpenMeteo_API
2026-07-31,27.0,Rhine,KAUB,Kaub,Germany,50.0847,7.7634,Water Level,cm,1991-2020,NIWIS_manual_export,Extrem niedrig,156.83,17.22,25.0,False,25.8,0.7,OpenMeteo_API
2026-08-01,30.0,Rhine,KAUB,Kaub,Germany,50.0847,7.7634,Water Level,cm,1991-2020,NIWIS_manual_export,Extrem niedrig,156.0,19.23,25.0,False,23.0,5.8,OpenMeteo_API
2026-08-02,28.0,Rhine,KAUB,Kaub,Germany,50.0847,7.7634,Water Level,cm,1991-2020,NIWIS_manual_export,Extrem niedrig,155.16,18.05,25.0,False,24.0,0.0,OpenMeteo_API
2026-08-03,27.0,Rhine,KAUB,Kaub,Germany,50.0847,7.7634,Water Level,cm,1991-2020,NIWIS_manual_export,Extrem niedrig,154.35,17.49,25.0,False,28.1,0.5,OpenMeteo_API
2026-08-04,25.0,Rhine,KAUB,Kaub,Germany,50.0847,7.7634,Water Level,cm,1991-2020,NIWIS_manual_export,Extrem niedrig,153.58,16.28,25.0,False,27.5,1.7,OpenMeteo_API
2026-08-05,20.0,Rhine,KAUB,Kaub,Germany,50.0847,7.7634,Water Level,cm,1991-2020,NIWIS_manual_export,Extrem niedrig,152.81,13.09,25.0,True,26.9,0.8,OpenMeteo_API
2026-08-06,21.0,Rhine,KAUB,Kaub,Germany,50.0847,7.7634,Water Level,cm,1991-2020,NIWIS_manual_export,Extrem niedrig,152.03,13.81,25.0,True,22.4,0.0,OpenMeteo_API
2026-08-07,24.0,Rhine,KAUB,Kaub,Germany,50.0847,7.7634,Water Level,cm,1991-2020,NIWIS_manual_export,Extrem niedrig,151.28,15.86,25.0,True,20.0,0.0,OpenMeteo_API
2026-08-08,26.0,Rhine,KAUB,Kaub,Germany,50.0847,7.7634,Water Level,cm,1991-2020,NIWIS_manual_export,Extrem niedrig,150.53,17.27,25.0,False,23.0,0.0,OpenMeteo_API
2026-08-09,21.0,Rhine,KAUB,Kaub,Germany,50.0847,7.7634,Water Level,cm,1991-2020,NIWIS_manual_export,Extrem niedrig,149.82,14.02,25.0,True,26.3,0.0,OpenMeteo_API
2026-08-10,16.0,Rhine,KAUB,Kaub,Germany,50.0847,7.7634,Water Level,cm,1991-2020,NIWIS_manual_export,Extrem niedrig,149.15,10.73,25.0,True,26.8,0.0,OpenMeteo_API
2026-08-11,14.0,Rhine,KAUB,Kaub,Germany,50.0847,7.7634,Water Level,cm,1991-2020,NIWIS_manual_export,Extrem niedrig,148.49,9.43,25.0,True,22.7,0.0,OpenMeteo_API
2026-08-12,11.0,Rhine,KAUB,Kaub,Germany,50.0847,7.7634,Water Level,cm,1991-2020,NIWIS_manual_export,Extrem niedrig,147.85,7.44,25.0,True,23.9,0.0,OpenMeteo_API
2026-08-13,12.0,Rhine,KAUB,Kaub,Germany,50.0847,7.7634,Water Level,cm,1991-2020,NIWIS_manual_export,Extrem niedrig,147.17,8.15,25.0,True,26.3,0.0,OpenMeteo_API
2026-08-14,8.0,Rhine,KAUB,Kaub,Germany,50.0847,7.7634,Water Level,cm,1991-2020,NIWIS_manual_export,Extrem niedrig,146.56,5.46,25.0,True,29.1,0.0,OpenMeteo_API
2026-08-15,8.0,Rhine,KAUB,Kaub,Germany,50.0847,7.7634,Water Level,cm,1991-2020,NIWIS_manual_export,Extrem niedrig,145.98,5.48,25.0,True,29.5,0.0,OpenMeteo_API
2026-08-16,7.0,Rhine,KAUB,Kaub,Germany,50.0847,7.7634,Water Level,cm,1991-2020,NIWIS_manual_export,Extrem niedrig,145.4,4.81,25.0,True,24.7,1.8,OpenMeteo_API
2026-08-17,7.0,Rhine,KAUB,Kaub,Germany,50.0847,7.7634,Water Level,cm,1991-2020,NIWIS_manual_export,Extrem niedrig,144.81,4.83,25.0,True,19.8,2.3,OpenMeteo_API
2026-08-18,12.0,Rhine,KAUB,Kaub,Germany,50.0847,7.7634,Water Level,cm,1991-2020,NIWIS_manual_export,Extrem niedrig,144.19,8.32,25.0,True,20.0,2.7,OpenMeteo_API
2026-08-19,14.0,Rhine,KAUB,Kaub,Germany,50.0847,7.7634,Water Level,cm,1991-2020,NIWIS_manual_export,Extrem niedrig,143.52,9.75,25.0,True,21.0,16.1,OpenMeteo_API
2026-08-20,36.0,Rhine,KAUB,Kaub,Germany,50.0847,7.7634,Water Level,cm,1991-2020,NIWIS_manual_export,Extrem niedrig,142.87,25.2,25.0,False,19.7,0.0,OpenMeteo_API
2026-08-21,44.0,Rhine,KAUB,Kaub,Germany,50.0847,7.7634,Water Level,cm,1991-2020,NIWIS_manual_export,Extrem niedrig,142.22,30.94,25.0,False,18.3,1.8,OpenMeteo_API
2026-08-22,37.0,Rhine,KAUB,Kaub,Germany,50.0847,7.7634,Water Level,cm,1991-2020,NIWIS_manual_export,Extrem niedrig,141.57,26.14,25.0,False,15.7,5.6,OpenMeteo_API
2026-08-23,45.0,Rhine,KAUB,Kaub,Germany,50.0847,7.7634,Water Level,cm,1991-2020,NIWIS_manual_export,Extrem niedrig,140.92,31.93,25.0,False,15.7,0.0,OpenMeteo_API
2026-08-24,69.0,Rhine,KAUB,Kaub,Germany,50.0847,7.7634,Water Level,cm,1991-2020,NIWIS_manual_export,Sehr niedrig,140.31,49.18,25.0,False,16.7,0.2,OpenMeteo_API
2026-08-25,72.0,Rhine,KAUB,Kaub,Germany,50.0847,7.7634,Water Level,cm,1991-2020,NIWIS_manual_export,Sehr niedrig,139.66,51.55,25.0,False,16.1,3.3,OpenMeteo_API
2026-08-26,65.0,Rhine,KAUB,Kaub,Germany,50.0847,7.7634,Water Level,cm,1991-2020,NIWIS_manual_export,Extrem niedrig,138.98,46.77,25.0,False,20.0,0.3,OpenMeteo_API
2026-08-27,60.0,Rhine,KAUB,Kaub,Germany,50.0847,7.7634,Water Level,cm,1991-2020,NIWIS_manual_export,Extrem niedrig,138.3,43.38,25.0,False,24.0,2.0,OpenMeteo_API
2026-08-28,61.0,Rhine,KAUB,Kaub,Germany,50.0847,7.7634,Water Level,cm,1991-2020,NIWIS_manual_export,Extrem niedrig,137.59,44.33,25.0,False,21.5,2.9,OpenMeteo_API
2026-08-29,71.0,Rhine,KAUB,Kaub,Germany,50.0847,7.7634,Water Level,cm,1991-2020,NIWIS_manual_export,Sehr niedrig,136.85,51.88,25.0,False,20.2,0.6,OpenMeteo_API
2026-08-30,72.0,Rhine,KAUB,Kaub,Germany,50.0847,7.7634,Water Level,cm,1991-2020,NIWIS_manual_export,Sehr niedrig,136.1,52.9,25.0,False,21.2,1.0,OpenMeteo_API
2026-08-31,73.0,Rhine,KAUB,Kaub,Germany,50.0847,7.7634,Water Level,cm,1991-2020,NIWIS_manual_export,Sehr niedrig,135.36,53.93,25.0,False,18.5,6.0,OpenMeteo_API
