"Date (TU)","Valeur (en mm)","Statut","Qualification","Méthode","Continuité"
2026-06-01T00:07:30.000Z,"-1154","12",20,10,0
2026-06-01T01:52:30.000Z,"-1153","12",20,10,0
2026-06-01T03:17:30.000Z,"-1156","12",20,10,0
2026-06-01T08:22:30.000Z,"-1155","12",20,10,0
2026-06-01T09:02:30.000Z,"-1157","12",20,10,0
2026-06-01T11:32:30.000Z,"-1158","12",20,10,0
2026-06-01T12:22:30.000Z,"-1156","12",20,10,0
2026-06-01T13:17:30.000Z,"-1159","12",20,10,0
2026-06-01T13:52:30.000Z,"-1157","12",20,10,0
2026-06-01T15:17:30.000Z,"-1157","12",20,10,0
2026-06-01T15:52:30.000Z,"-1159","12",20,10,0
2026-06-01T16:32:30.000Z,"-1158","12",20,10,0
2026-06-01T18:32:30.000Z,"-1160","12",20,10,0
2026-06-01T21:37:30.000Z,"-1159","12",20,10,0
2026-06-01T23:22:30.000Z,"-1161","12",20,10,0
2026-06-02T01:07:30.000Z,"-1159","12",20,10,0
2026-06-02T03:37:30.000Z,"-1162","12",20,10,0
2026-06-02T05:47:30.000Z,"-1160","12",20,10,0
2026-06-02T07:12:30.000Z,"-1162","12",20,10,0
2026-06-02T08:42:30.000Z,"-1159","12",20,10,0
2026-06-02T10:02:30.000Z,"-1163","12",20,10,0
2026-06-02T12:12:30.000Z,"-1163","12",20,10,0
2026-06-02T13:07:30.000Z,"-1165","12",20,10,0
2026-06-02T16:57:30.000Z,"-1163","12",20,10,0
2026-06-02T17:52:30.000Z,"-1164","12",20,10,0
2026-06-02T19:27:30.000Z,"-1162","12",20,10,0
2026-06-02T23:07:30.000Z,"-1164","12",20,10,0
2026-06-03T02:47:30.000Z,"-1160","12",20,10,0
2026-06-03T05:22:30.000Z,"-1161","12",20,10,0
2026-06-03T07:12:30.000Z,"-1159","12",20,10,0
2026-06-03T09:52:30.000Z,"-1162","12",20,10,0
2026-06-03T10:47:30.000Z,"-1166","12",20,10,0
2026-06-03T11:47:30.000Z,"-1166","12",20,10,0
2026-06-03T13:37:30.000Z,"-1170","12",20,10,0
2026-06-03T15:42:30.000Z,"-1169","12",20,10,0
2026-06-03T16:27:30.000Z,"-1166","12",20,10,0
2026-06-03T17:52:30.000Z,"-1169","12",20,10,0
2026-06-03T20:17:30.000Z,"-1167","12",20,10,0
2026-06-03T21:37:30.000Z,"-1170","12",20,10,0
2026-06-04T00:02:30.000Z,"-1167","12",20,10,0
2026-06-04T06:02:30.000Z,"-1172","12",20,10,0
2026-06-04T07:02:30.000Z,"-1171","12",20,10,0
2026-06-04T08:07:30.000Z,"-1173","12",20,10,0
2026-06-04T09:02:30.000Z,"-1170","12",20,10,0
2026-06-04T11:07:30.000Z,"-1171","12",20,10,0
2026-06-04T11:37:30.000Z,"-1174","12",20,10,0
2026-06-04T12:22:30.000Z,"-1171","12",20,10,0
2026-06-04T13:02:30.000Z,"-1173","12",20,10,0
2026-06-04T13:32:30.000Z,"-1172","12",20,10,0
2026-06-04T14:32:30.000Z,"-1174","12",20,10,0
2026-06-04T15:22:30.000Z,"-1178","12",20,10,0
2026-06-04T16:47:30.000Z,"-1174","12",20,10,0
2026-06-04T18:22:30.000Z,"-1175","12",20,10,0
2026-06-04T23:02:30.000Z,"-1171","12",20,10,0
2026-06-05T00:42:30.000Z,"-1174","12",20,10,0
2026-06-05T01:32:30.000Z,"-1171","12",20,10,0
2026-06-05T02:37:30.000Z,"-1174","12",20,10,0
2026-06-05T07:07:30.000Z,"-1174","12",20,10,0
2026-06-05T09:42:30.000Z,"-1178","12",20,10,0
2026-06-05T10:32:30.000Z,"-1176","12",20,10,0
2026-06-05T13:07:30.000Z,"-1178","12",20,10,0
2026-06-05T14:02:30.000Z,"-1177","12",20,10,0
2026-06-05T14:57:30.000Z,"-1179","12",20,10,0
2026-06-05T16:02:30.000Z,"-1176","12",20,10,0
2026-06-05T17:17:30.000Z,"-1179","12",20,10,0
2026-06-05T18:52:30.000Z,"-1177","12",20,10,0
2026-06-05T22:52:30.000Z,"-1179","12",20,10,0
2026-06-05T23:47:30.000Z,"-1177","12",20,10,0
2026-06-06T03:42:30.000Z,"-1179","12",20,10,0
2026-06-06T06:52:30.000Z,"-1179","12",20,10,0
2026-06-06T07:42:30.000Z,"-1182","12",20,10,0
2026-06-06T08:47:30.000Z,"-1180","12",20,10,0
2026-06-06T10:07:30.000Z,"-1182","12",20,10,0
2026-06-06T10:47:30.000Z,"-1181","12",20,10,0
2026-06-06T11:42:30.000Z,"-1183","12",20,10,0
2026-06-06T12:47:30.000Z,"-1180","12",20,10,0
2026-06-06T13:22:30.000Z,"-1183","12",20,10,0
2026-06-06T14:12:30.000Z,"-1183","12",20,10,0
2026-06-06T14:57:30.000Z,"-1185","12",20,10,0
2026-06-06T16:57:30.000Z,"-1184","12",20,10,0
2026-06-06T17:47:30.000Z,"-1185","12",20,10,0
2026-06-06T19:42:30.000Z,"-1179","12",20,10,0
2026-06-06T20:32:30.000Z,"-1181","12",20,10,0
2026-06-06T21:47:30.000Z,"-1180","12",20,10,0
2026-06-06T22:22:30.000Z,"-1182","12",20,10,0
2026-06-07T03:12:30.000Z,"-1178","12",20,10,0
2026-06-07T05:12:30.000Z,"-1180","12",20,10,0
2026-06-07T06:57:30.000Z,"-1178","12",20,10,0
2026-06-07T07:32:30.000Z,"-1180","12",20,10,0
2026-06-07T09:37:30.000Z,"-1178","12",20,10,0
2026-06-07T10:22:30.000Z,"-1180","12",20,10,0
2026-06-07T12:32:30.000Z,"-1179","12",20,10,0
2026-06-07T17:02:30.000Z,"-1182","12",20,10,0
2026-06-07T19:17:30.000Z,"-1179","12",20,10,0
2026-06-07T19:57:30.000Z,"-1180","12",20,10,0
2026-06-08T00:07:30.000Z,"-1180","12",20,10,0
2026-06-08T01:17:30.000Z,"-1178","12",20,10,0
2026-06-08T02:22:30.000Z,"-1179","12",20,10,0
2026-06-08T05:07:30.000Z,"-1177","12",20,10,0
2026-06-08T07:42:30.000Z,"-1179","12",20,10,0
2026-06-08T09:02:30.000Z,"-1178","12",20,10,0
2026-06-08T11:17:30.000Z,"-1180","12",20,10,0
2026-06-08T14:17:30.000Z,"-1181","12",20,10,0
2026-06-08T14:52:30.000Z,"-1180","12",20,10,0
2026-06-08T16:57:30.000Z,"-1182","12",20,10,0
2026-06-08T18:47:30.000Z,"-1180","12",20,10,0
2026-06-08T19:37:30.000Z,"-1183","12",20,10,0
2026-06-08T22:17:30.000Z,"-1179","12",20,10,0
2026-06-09T00:02:30.000Z,"-1179","12",20,10,0
2026-06-09T00:42:30.000Z,"-1177","12",20,10,0
2026-06-09T11:27:30.000Z,"-1181","12",20,10,0
2026-06-09T13:32:30.000Z,"-1180","12",20,10,0
2026-06-09T14:17:30.000Z,"-1178","12",20,10,0
2026-06-09T15:12:30.000Z,"-1180","12",20,10,0
2026-06-09T17:17:30.000Z,"-1180","12",20,10,0
2026-06-09T19:02:30.000Z,"-1178","12",20,10,0
2026-06-09T20:32:30.000Z,"-1179","12",20,10,0
2026-06-09T22:02:30.000Z,"-1177","12",20,10,0
2026-06-09T23:52:30.000Z,"-1179","12",20,10,0
2026-06-10T01:17:30.000Z,"-1178","12",20,10,0
2026-06-10T04:47:30.000Z,"-1180","12",20,10,0
2026-06-10T05:52:30.000Z,"-1178","12",20,10,0
2026-06-10T07:17:30.000Z,"-1180","12",20,10,0
2026-06-10T09:22:30.000Z,"-1178","12",20,10,0
2026-06-10T10:02:30.000Z,"-1181","12",20,10,0
2026-06-10T12:32:30.000Z,"-1179","12",20,10,0
2026-06-10T14:07:30.000Z,"-1181","12",20,10,0
2026-06-10T16:07:30.000Z,"-1179","12",20,10,0
2026-06-10T16:57:30.000Z,"-1181","12",20,10,0
2026-06-10T18:42:30.000Z,"-1178","12",20,10,0
2026-06-10T19:42:30.000Z,"-1181","12",20,10,0
2026-06-10T20:47:30.000Z,"-1179","12",20,10,0
2026-06-10T21:22:30.000Z,"-1175","12",20,10,0
2026-06-10T23:17:30.000Z,"-1173","12",20,10,0
2026-06-11T03:37:30.000Z,"-1176","12",20,10,0
2026-06-11T05:22:30.000Z,"-1176","12",20,10,0
2026-06-11T06:52:30.000Z,"-1178","12",20,10,0
2026-06-11T08:17:30.000Z,"-1178","12",20,10,0
2026-06-11T08:47:30.000Z,"-1180","12",20,10,0
2026-06-11T11:47:30.000Z,"-1177","12",20,10,0
2026-06-11T14:17:30.000Z,"-1183","12",20,10,0
2026-06-11T15:52:30.000Z,"-1181","12",20,10,0
2026-06-11T21:47:30.000Z,"-1184","12",20,10,0
2026-06-12T00:02:30.000Z,"-1182","12",20,10,0
2026-06-12T00:52:30.000Z,"-1184","12",20,10,0
2026-06-12T01:52:30.000Z,"-1182","12",20,10,0
2026-06-12T03:12:30.000Z,"-1186","12",20,10,0
2026-06-12T04:02:30.000Z,"-1183","12",20,10,0
2026-06-12T04:52:30.000Z,"-1184","12",20,10,0
2026-06-12T06:47:30.000Z,"-1182","12",20,10,0
2026-06-12T07:32:30.000Z,"-1185","12",20,10,0
2026-06-12T08:17:30.000Z,"-1184","12",20,10,0
2026-06-12T09:37:30.000Z,"-1186","12",20,10,0
2026-06-12T11:27:30.000Z,"-1184","12",20,10,0
2026-06-12T12:17:30.000Z,"-1185","12",20,10,0
2026-06-12T18:27:30.000Z,"-1185","12",20,10,0
2026-06-12T19:42:30.000Z,"-1188","12",20,10,0
2026-06-12T22:17:30.000Z,"-1186","12",20,10,0
2026-06-13T00:47:30.000Z,"-1188","12",20,10,0
2026-06-13T03:07:30.000Z,"-1187","12",20,10,0
2026-06-13T03:52:30.000Z,"-1189","12",20,10,0
2026-06-13T04:42:30.000Z,"-1187","12",20,10,0
2026-06-13T07:22:30.000Z,"-1189","12",20,10,0
2026-06-13T08:57:30.000Z,"-1187","12",20,10,0
2026-06-13T10:52:30.000Z,"-1189","12",20,10,0
2026-06-13T13:52:30.000Z,"-1187","12",20,10,0
2026-06-13T16:37:30.000Z,"-1190","12",20,10,0
2026-06-13T17:42:30.000Z,"-1189","12",20,10,0
2026-06-13T18:47:30.000Z,"-1191","12",20,10,0
2026-06-13T20:17:30.000Z,"-1190","12",20,10,0
2026-06-13T20:52:30.000Z,"-1191","12",20,10,0
2026-06-14T01:32:30.000Z,"-1189","12",20,10,0
2026-06-14T05:37:30.000Z,"-1192","12",20,10,0
2026-06-14T07:12:30.000Z,"-1190","12",20,10,0
2026-06-14T08:52:30.000Z,"-1193","12",20,10,0
2026-06-14T09:52:30.000Z,"-1191","12",20,10,0
2026-06-14T13:47:30.000Z,"-1195","12",20,10,0
2026-06-14T17:32:30.000Z,"-1194","12",20,10,0
2026-06-14T18:42:30.000Z,"-1197","12",20,10,0
2026-06-14T22:22:30.000Z,"-1195","12",20,10,0
2026-06-15T01:02:30.000Z,"-1196","12",20,10,0
2026-06-15T04:32:30.000Z,"-1194","12",20,10,0
2026-06-15T06:12:30.000Z,"-1197","12",20,10,0
2026-06-15T08:52:30.000Z,"-1198","12",20,10,0
2026-06-15T11:02:30.000Z,"-1196","12",20,10,0
2026-06-15T14:02:30.000Z,"-1199","12",20,10,0
2026-06-15T19:07:30.000Z,"-1200","12",20,10,0
2026-06-15T19:52:30.000Z,"-1202","12",20,10,0
2026-06-15T20:42:30.000Z,"-1199","12",20,10,0
2026-06-15T21:32:30.000Z,"-1200","12",20,10,0
2026-06-16T01:57:30.000Z,"-1198","12",20,10,0
2026-06-16T03:37:30.000Z,"-1202","12",20,10,0
2026-06-16T09:42:30.000Z,"-1203","12",20,10,0
2026-06-16T10:32:30.000Z,"-1205","12",20,10,0
2026-06-16T13:37:30.000Z,"-1203","12",20,10,0
2026-06-16T15:12:30.000Z,"-1205","12",20,10,0
2026-06-16T19:52:30.000Z,"-1204","12",20,10,0
2026-06-16T21:52:30.000Z,"-1205","12",20,10,0
2026-06-17T06:02:30.000Z,"-1203","12",20,10,0
2026-06-17T07:42:30.000Z,"-1205","12",20,10,0
2026-06-17T10:32:30.000Z,"-1204","12",20,10,0
2026-06-17T12:17:30.000Z,"-1206","12",20,10,0
2026-06-17T16:37:30.000Z,"-1203","12",20,10,0
2026-06-17T19:32:30.000Z,"-1207","12",20,10,0
2026-06-17T21:27:30.000Z,"-1205","12",20,10,0
2026-06-18T03:42:30.000Z,"-1207","12",20,10,0
2026-06-18T06:27:30.000Z,"-1204","12",20,10,0
2026-06-18T07:17:30.000Z,"-1206","12",20,10,0
2026-06-18T09:52:30.000Z,"-1205","12",20,10,0
2026-06-18T10:47:30.000Z,"-1207","12",20,10,0
2026-06-18T12:27:30.000Z,"-1205","12",20,10,0
2026-06-18T14:27:30.000Z,"-1209","12",20,10,0
2026-06-18T15:17:30.000Z,"-1207","12",20,10,0
2026-06-18T15:52:30.000Z,"-1209","12",20,10,0
2026-06-18T16:37:30.000Z,"-1206","12",20,10,0
2026-06-18T18:17:30.000Z,"-1209","12",20,10,0
2026-06-18T19:27:30.000Z,"-1205","12",20,10,0
2026-06-18T20:17:30.000Z,"-1208","12",20,10,0
2026-06-18T22:57:30.000Z,"-1208","12",20,10,0
2026-06-19T00:37:30.000Z,"-1211","12",20,10,0
2026-06-19T02:17:30.000Z,"-1209","12",20,10,0
2026-06-19T03:52:30.000Z,"-1212","12",20,10,0
2026-06-19T05:17:30.000Z,"-1211","12",20,10,0
2026-06-19T07:57:30.000Z,"-1213","12",20,10,0
2026-06-19T09:12:30.000Z,"-1212","12",20,10,0
2026-06-19T10:07:30.000Z,"-1214","12",20,10,0
2026-06-19T12:42:30.000Z,"-1214","12",20,10,0
2026-06-19T14:07:30.000Z,"-1212","12",20,10,0
2026-06-19T15:57:30.000Z,"-1215","12",20,10,0
2026-06-19T18:47:30.000Z,"-1213","12",20,10,0
2026-06-19T20:32:30.000Z,"-1215","12",20,10,0
2026-06-19T23:47:30.000Z,"-1213","12",20,10,0
2026-06-20T00:27:30.000Z,"-1215","12",20,10,0
2026-06-20T01:57:30.000Z,"-1214","12",20,10,0
2026-06-20T04:17:30.000Z,"-1216","12",20,10,0
2026-06-20T05:22:30.000Z,"-1215","12",20,10,0
2026-06-20T06:07:30.000Z,"-1212","12",20,10,0
2026-06-20T10:02:30.000Z,"-1216","12",20,10,0
2026-06-20T13:02:30.000Z,"-1214","12",20,10,0
2026-06-20T13:57:30.000Z,"-1217","12",20,10,0
2026-06-20T18:02:30.000Z,"-1218","12",20,10,0
2026-06-20T19:02:30.000Z,"-1217","12",20,10,0
2026-06-20T19:52:30.000Z,"-1219","12",20,10,0
2026-06-20T23:07:30.000Z,"-1220","12",20,10,0
2026-06-21T09:07:30.000Z,"-1219","12",20,10,0
2026-06-21T15:17:30.000Z,"-1215","12",20,10,0
2026-06-21T20:37:30.000Z,"-1218","12",20,10,0
2026-06-22T00:02:30.000Z,"-1217","12",20,10,0
2026-06-22T00:52:30.000Z,"-1219","12",20,10,0
2026-06-22T02:02:30.000Z,"-1217","12",20,10,0
2026-06-22T05:57:30.000Z,"-1220","12",20,10,0
2026-06-22T12:17:30.000Z,"-1219","12",20,10,0
2026-06-22T17:22:30.000Z,"-1222","12",20,10,0
2026-06-22T22:22:30.000Z,"-1218","12",20,10,0
2026-06-23T03:52:30.000Z,"-1220","12",20,10,0
2026-06-23T21:07:30.000Z,"-1219","12",20,10,0
2026-06-24T01:32:30.000Z,"-1221","12",20,10,0
2026-06-24T03:02:30.000Z,"-1219","12",20,10,0
2026-06-24T13:57:30.000Z,"-1219","12",20,10,0
2026-06-24T18:37:30.000Z,"-1222","12",20,10,0
2026-06-24T23:22:30.000Z,"-1220","12",20,10,0
2026-06-25T00:12:30.000Z,"-1221","12",20,10,0
2026-06-25T04:47:30.000Z,"-1221","12",20,10,0
2026-06-25T05:42:30.000Z,"-1219","12",20,10,0
2026-06-25T06:32:30.000Z,"-1220","12",20,10,0
2026-06-25T10:52:30.000Z,"-1219","12",20,10,0
2026-06-25T11:47:30.000Z,"-1221","12",20,10,0
2026-06-25T13:37:30.000Z,"-1221","12",20,10,0
2026-06-25T15:42:30.000Z,"-1218","12",20,10,0
2026-06-25T17:22:30.000Z,"-1221","12",20,10,0
2026-06-25T20:52:30.000Z,"-1220","12",20,10,0
2026-06-25T23:37:30.000Z,"-1223","12",20,10,0
2026-06-26T03:12:30.000Z,"-1221","12",20,10,0
2026-06-26T03:37:30.000Z,"-1219","12",20,10,0
2026-06-26T04:32:30.000Z,"-1222","12",20,10,0
2026-06-26T06:27:30.000Z,"-1220","12",20,10,0
2026-06-26T07:22:30.000Z,"-1221","12",20,10,0
2026-06-26T08:37:30.000Z,"-1220","12",20,10,0
2026-06-26T09:17:30.000Z,"-1218","12",20,10,0
2026-06-26T10:37:30.000Z,"-1222","12",20,10,0
2026-06-26T12:02:30.000Z,"-1219","12",20,10,0
2026-06-26T20:52:30.000Z,"-1222","12",20,10,0
2026-06-26T22:47:30.000Z,"-1221","12",20,10,0
2026-06-26T23:27:30.000Z,"-1218","12",20,10,0
2026-06-27T00:17:30.000Z,"-1221","12",20,10,0
2026-06-27T01:42:30.000Z,"-1219","12",20,10,0
2026-06-27T04:32:30.000Z,"-1221","12",20,10,0
2026-06-27T06:42:30.000Z,"-1217","12",20,10,0
2026-06-27T08:52:30.000Z,"-1219","12",20,10,0
2026-06-27T11:02:30.000Z,"-1217","12",20,10,0
2026-06-27T12:32:30.000Z,"-1220","12",20,10,0
2026-06-27T14:37:30.000Z,"-1219","12",20,10,0
2026-06-27T16:42:30.000Z,"-1222","12",20,10,0
2026-06-27T18:57:30.000Z,"-1218","12",20,10,0
2026-06-27T20:07:30.000Z,"-1221","12",20,10,0
2026-06-27T21:32:30.000Z,"-1219","12",20,10,0
2026-06-27T22:22:30.000Z,"-1221","12",20,10,0
2026-06-28T00:52:30.000Z,"-1219","12",20,10,0
2026-06-28T03:17:30.000Z,"-1220","12",20,10,0
2026-06-28T05:02:30.000Z,"-1216","12",20,10,0
2026-06-28T07:17:30.000Z,"-1220","12",20,10,0
2026-06-28T10:27:30.000Z,"-1218","12",20,10,0
2026-06-28T14:27:30.000Z,"-1220","12",20,10,0
2026-06-28T15:12:30.000Z,"-1219","12",20,10,0
2026-06-28T16:27:30.000Z,"-1222","12",20,10,0
2026-06-28T17:37:30.000Z,"-1222","12",20,10,0
2026-06-29T00:32:30.000Z,"-1219","12",20,10,0
2026-06-29T02:37:30.000Z,"-1221","12",20,10,0
2026-06-29T05:47:30.000Z,"-1220","12",20,10,0
2026-06-29T06:32:30.000Z,"-1221","12",20,10,0
2026-06-29T07:12:30.000Z,"-1219","12",20,10,0
2026-06-29T08:07:30.000Z,"-1220","12",20,10,0
2026-06-29T09:22:30.000Z,"-1218","12",20,10,0
2026-06-29T10:17:30.000Z,"-1220","12",20,10,0
2026-06-29T10:52:30.000Z,"-1218","12",20,10,0
2026-06-29T13:12:30.000Z,"-1217","12",20,10,0
2026-06-29T19:37:30.000Z,"-1222","12",20,10,0
2026-06-29T22:57:30.000Z,"-1223","12",20,10,0
2026-06-29T23:47:30.000Z,"-1221","12",20,10,0
2026-06-30T01:02:30.000Z,"-1223","12",20,10,0
2026-06-30T02:02:30.000Z,"-1221","12",20,10,0
2026-06-30T06:22:30.000Z,"-1221","12",20,10,0
2026-06-30T07:07:30.000Z,"-1219","12",20,10,0
2026-06-30T09:17:30.000Z,"-1219","12",20,10,0
2026-06-30T10:57:30.000Z,"-1216","12",20,10,0
2026-06-30T12:32:30.000Z,"-1219","12",20,10,0
2026-06-30T13:52:30.000Z,"-1218","12",20,10,0
2026-06-30T20:27:30.000Z,"-1224","12",20,10,0
2026-06-30T22:12:30.000Z,"-1223","12",20,10,0
2026-07-01T01:02:30.000Z,"-1224","12",20,10,0
2026-07-01T08:57:30.000Z,"-1219","12",20,10,0
2026-07-01T12:32:30.000Z,"-1222","12",20,10,0
2026-07-01T14:07:30.000Z,"-1220","12",20,10,0
2026-07-01T16:37:30.000Z,"-1223","12",20,10,0
2026-07-02T02:32:30.000Z,"-1224","12",20,10,0
2026-07-02T03:12:30.000Z,"-1222","12",20,10,0
2026-07-02T08:12:30.000Z,"-1222","12",20,10,0
2026-07-02T09:47:30.000Z,"-1219","12",20,10,0
2026-07-02T10:52:30.000Z,"-1220","12",20,10,0
2026-07-02T12:22:30.000Z,"-1219","12",20,10,0
2026-07-02T13:37:30.000Z,"-1220","12",20,10,0
2026-07-02T14:07:00.000Z,"-1221","12",20,10,0
2026-07-02T14:32:30.000Z,"-1219","12",20,10,0
2026-07-02T14:54:00.000Z,"-1222","12",20,10,0
2026-07-02T15:35:00.000Z,"-1222","12",20,10,0
2026-07-02T15:57:30.000Z,"-1223","12",20,10,0
2026-07-02T17:42:30.000Z,"-1221","12",20,10,0
2026-07-02T18:42:30.000Z,"-1224","12",20,10,0
2026-07-02T22:12:30.000Z,"-1224","12",20,10,0
2026-07-03T01:52:30.000Z,"-1226","12",20,10,0
2026-07-03T02:52:30.000Z,"-1223","12",20,10,0
2026-07-03T03:42:30.000Z,"-1224","12",20,10,0
2026-07-03T08:00:00.000Z,"-1224","12",20,10,0
2026-07-03T09:37:30.000Z,"-1222","12",20,10,0
2026-07-03T09:52:30.000Z,"-1223","12",20,10,0
2026-07-03T11:02:30.000Z,"-1222","12",20,10,0
2026-07-03T11:52:30.000Z,"-1223","12",20,10,0
2026-07-03T13:32:30.000Z,"-1222","12",20,10,0
2026-07-03T16:47:30.000Z,"-1227","12",20,10,0
2026-07-03T17:37:30.000Z,"-1226","12",20,10,0
2026-07-03T19:17:30.000Z,"-1229","12",20,10,0
2026-07-03T20:12:30.000Z,"-1227","12",20,10,0
2026-07-03T21:32:30.000Z,"-1228","12",20,10,0
2026-07-03T22:27:30.000Z,"-1227","12",20,10,0
2026-07-04T00:42:30.000Z,"-1227","12",20,10,0
2026-07-04T01:57:30.000Z,"-1225","12",20,10,0
2026-07-04T05:12:30.000Z,"-1223","12",20,10,0
2026-07-04T07:02:30.000Z,"-1223","12",20,10,0
2026-07-04T09:22:30.000Z,"-1221","12",20,10,0
2026-07-04T10:02:30.000Z,"-1222","12",20,10,0
2026-07-04T11:37:30.000Z,"-1221","12",20,10,0
2026-07-04T14:42:30.000Z,"-1222","12",20,10,0
2026-07-04T15:32:30.000Z,"-1221","12",20,10,0
2026-07-04T17:12:30.000Z,"-1224","12",20,10,0
2026-07-04T18:02:30.000Z,"-1223","12",20,10,0
2026-07-04T19:52:30.000Z,"-1226","12",20,10,0
2026-07-04T20:37:30.000Z,"-1226","12",20,10,0
2026-07-04T21:02:30.000Z,"-1227","12",20,10,0
2026-07-05T01:17:30.000Z,"-1225","12",20,10,0
2026-07-05T03:02:30.000Z,"-1226","12",20,10,0
2026-07-05T03:57:30.000Z,"-1224","12",20,10,0
2026-07-05T06:57:30.000Z,"-1225","12",20,10,0
2026-07-05T08:27:30.000Z,"-1223","12",20,10,0
2026-07-05T09:02:30.000Z,"-1224","12",20,10,0
2026-07-05T09:57:30.000Z,"-1223","12",20,10,0
2026-07-05T11:37:30.000Z,"-1223","12",20,10,0
2026-07-05T12:37:30.000Z,"-1225","12",20,10,0
2026-07-05T14:52:30.000Z,"-1223","12",20,10,0
2026-07-05T15:42:30.000Z,"-1225","12",20,10,0
2026-07-05T17:37:30.000Z,"-1225","12",20,10,0
2026-07-05T18:17:30.000Z,"-1227","12",20,10,0
2026-07-05T19:17:30.000Z,"-1228","12",20,10,0
2026-07-05T21:07:30.000Z,"-1227","12",20,10,0
2026-07-05T21:27:30.000Z,"-1226","12",20,10,0
2026-07-05T22:17:30.000Z,"-1226","12",20,10,0
2026-07-05T22:47:30.000Z,"-1225","12",20,10,0
2026-07-06T00:02:30.000Z,"-1227","12",20,10,0
2026-07-06T01:52:30.000Z,"-1228","12",20,10,0
2026-07-06T04:22:30.000Z,"-1228","12",20,10,0
2026-07-06T04:57:30.000Z,"-1227","12",20,10,0
2026-07-06T05:17:30.000Z,"-1225","12",20,10,0
2026-07-06T05:52:30.000Z,"-1224","12",20,10,0
2026-07-06T07:37:30.000Z,"-1223","12",20,10,0
2026-07-06T09:47:30.000Z,"-1222","12",20,10,0
2026-07-06T11:57:30.000Z,"-1222","12",20,10,0
2026-07-06T13:17:30.000Z,"-1221","12",20,10,0
2026-07-06T13:52:30.000Z,"-1222","12",20,10,0
2026-07-06T14:42:30.000Z,"-1221","12",20,10,0
2026-07-06T15:02:30.000Z,"-1222","12",20,10,0
2026-07-06T17:12:30.000Z,"-1223","12",20,10,0
2026-07-06T18:07:30.000Z,"-1226","12",20,10,0
2026-07-06T20:02:30.000Z,"-1226","12",20,10,0
2026-07-06T20:42:30.000Z,"-1227","12",20,10,0
2026-07-06T23:47:30.000Z,"-1227","12",20,10,0
2026-07-07T00:27:30.000Z,"-1228","12",20,10,0
2026-07-07T01:27:30.000Z,"-1227","12",20,10,0
2026-07-07T03:32:30.000Z,"-1228","12",20,10,0
2026-07-07T04:52:30.000Z,"-1228","12",20,10,0
2026-07-07T06:17:30.000Z,"-1225","12",20,10,0
2026-07-07T07:37:30.000Z,"-1225","12",20,10,0
2026-07-07T09:32:30.000Z,"-1221","12",20,10,0
2026-07-07T10:02:30.000Z,"-1221","12",20,10,0
2026-07-07T10:32:30.000Z,"-1220","12",20,10,0
2026-07-07T11:22:30.000Z,"-1221","12",20,10,0
2026-07-07T12:47:30.000Z,"-1220","12",20,10,0
2026-07-07T13:22:30.000Z,"-1222","12",20,10,0
2026-07-07T13:52:30.000Z,"-1222","12",20,10,0
2026-07-07T14:07:30.000Z,"-1221","12",20,10,0
2026-07-07T14:22:30.000Z,"-1222","12",20,10,0
2026-07-07T15:57:30.000Z,"-1224","12",20,10,0
2026-07-07T16:47:30.000Z,"-1223","12",20,10,0
2026-07-07T18:27:30.000Z,"-1228","12",20,10,0
2026-07-07T21:27:30.000Z,"-1228","12",20,10,0
2026-07-07T22:12:30.000Z,"-1227","12",20,10,0
2026-07-07T23:02:30.000Z,"-1229","12",20,10,0
2026-07-07T23:42:30.000Z,"-1229","12",20,10,0
2026-07-08T00:22:30.000Z,"-1227","12",20,10,0
2026-07-08T00:57:30.000Z,"-1227","12",20,10,0
2026-07-08T01:42:30.000Z,"-1229","12",20,10,0
2026-07-08T02:32:30.000Z,"-1228","12",20,10,0
2026-07-08T05:02:30.000Z,"-1227","12",20,10,0
2026-07-08T05:47:30.000Z,"-1225","12",20,10,0
2026-07-08T06:17:30.000Z,"-1225","12",20,10,0
2026-07-08T07:07:30.000Z,"-1222","12",20,10,0
2026-07-08T08:42:30.000Z,"-1221","12",20,10,0
2026-07-08T09:32:30.000Z,"-1222","12",20,10,0
2026-07-08T10:27:30.000Z,"-1221","12",20,10,0
2026-07-08T11:22:30.000Z,"-1223","12",20,10,0
2026-07-08T13:27:30.000Z,"-1221","12",20,10,0
2026-07-08T14:22:30.000Z,"-1224","12",20,10,0
2026-07-08T15:47:30.000Z,"-1223","12",20,10,0
2026-07-08T16:27:30.000Z,"-1225","12",20,10,0
2026-07-08T17:12:30.000Z,"-1224","12",20,10,0
2026-07-08T18:02:30.000Z,"-1227","12",20,10,0
2026-07-08T19:32:30.000Z,"-1227","12",20,10,0
2026-07-08T20:17:30.000Z,"-1228","12",20,10,0
2026-07-08T21:37:30.000Z,"-1227","12",20,10,0
2026-07-08T22:22:30.000Z,"-1228","12",20,10,0
2026-07-09T00:52:30.000Z,"-1227","12",20,10,0
2026-07-09T02:22:30.000Z,"-1229","12",20,10,0
2026-07-09T04:22:30.000Z,"-1228","12",20,10,0
2026-07-09T05:37:30.000Z,"-1226","12",20,10,0
2026-07-09T06:27:30.000Z,"-1226","12",20,10,0
2026-07-09T07:02:30.000Z,"-1224","12",20,10,0
2026-07-09T07:47:30.000Z,"-1225","12",20,10,0
2026-07-09T08:12:30.000Z,"-1224","12",20,10,0
2026-07-09T08:57:30.000Z,"-1225","12",20,10,0
2026-07-09T10:17:30.000Z,"-1222","12",20,10,0
2026-07-09T10:37:30.000Z,"-1223","12",20,10,0
2026-07-09T10:57:30.000Z,"-1222","12",20,10,0
2026-07-09T11:47:30.000Z,"-1224","12",20,10,0
2026-07-09T12:22:30.000Z,"-1223","12",20,10,0
2026-07-09T13:47:30.000Z,"-1224","12",20,10,0
2026-07-09T14:52:30.000Z,"-1223","12",20,10,0
2026-07-09T15:37:30.000Z,"-1225","12",20,10,0
2026-07-09T16:22:30.000Z,"-1223","12",20,10,0
2026-07-09T17:17:30.000Z,"-1226","12",20,10,0
2026-07-09T18:07:30.000Z,"-1225","12",20,10,0
2026-07-09T18:57:30.000Z,"-1225","12",20,10,0
2026-07-09T20:17:30.000Z,"-1225","12",20,10,0
2026-07-09T21:37:30.000Z,"-1226","12",20,10,0
2026-07-10T00:52:30.000Z,"-1226","12",20,10,0
2026-07-10T01:47:30.000Z,"-1224","12",20,10,0
2026-07-10T02:47:30.000Z,"-1226","12",20,10,0
2026-07-10T04:02:30.000Z,"-1225","12",20,10,0
2026-07-10T05:02:30.000Z,"-1226","12",20,10,0
2026-07-10T06:07:30.000Z,"-1223","12",20,10,0
2026-07-10T07:02:30.000Z,"-1223","12",20,10,0
2026-07-10T09:02:30.000Z,"-1225","12",20,10,0
2026-07-10T10:12:30.000Z,"-1225","12",20,10,0
2026-07-10T11:02:30.000Z,"-1226","12",20,10,0
2026-07-10T11:47:30.000Z,"-1225","12",20,10,0
2026-07-10T12:12:30.000Z,"-1226","12",20,10,0
2026-07-10T13:17:30.000Z,"-1224","12",20,10,0
2026-07-10T15:07:30.000Z,"-1227","12",20,10,0
2026-07-10T16:07:30.000Z,"-1224","12",20,10,0
2026-07-10T17:07:30.000Z,"-1225","12",20,10,0
2026-07-10T17:27:30.000Z,"-1227","12",20,10,0
2026-07-10T18:17:30.000Z,"-1227","12",20,10,0
2026-07-10T18:37:30.000Z,"-1228","12",20,10,0
2026-07-10T19:47:30.000Z,"-1226","12",20,10,0
2026-07-10T23:57:30.000Z,"-1227","12",20,10,0
2026-07-11T00:47:30.000Z,"-1226","12",20,10,0
2026-07-11T01:37:30.000Z,"-1228","12",20,10,0
2026-07-11T02:47:30.000Z,"-1227","12",20,10,0
2026-07-11T03:37:30.000Z,"-1225","12",20,10,0
2026-07-11T04:27:30.000Z,"-1227","12",20,10,0
2026-07-11T05:17:30.000Z,"-1225","12",20,10,0
2026-07-11T06:17:30.000Z,"-1226","12",20,10,0
2026-07-11T06:52:30.000Z,"-1224","12",20,10,0
2026-07-11T07:42:30.000Z,"-1226","12",20,10,0
2026-07-11T08:37:30.000Z,"-1225","12",20,10,0
2026-07-11T10:07:30.000Z,"-1227","12",20,10,0
2026-07-11T10:57:30.000Z,"-1227","12",20,10,0
2026-07-11T11:17:30.000Z,"-1228","12",20,10,0
2026-07-11T11:47:30.000Z,"-1227","12",20,10,0
2026-07-11T12:12:30.000Z,"-1225","12",20,10,0
2026-07-11T14:22:30.000Z,"-1224","12",20,10,0
2026-07-11T15:52:30.000Z,"-1226","12",20,10,0
2026-07-11T16:22:30.000Z,"-1225","12",20,10,0
2026-07-11T17:07:30.000Z,"-1226","12",20,10,0
2026-07-11T18:57:30.000Z,"-1225","12",20,10,0
2026-07-11T19:47:30.000Z,"-1227","12",20,10,0
2026-07-11T20:42:30.000Z,"-1227","12",20,10,0
2026-07-11T21:42:30.000Z,"-1227","12",20,10,0
2026-07-11T22:42:30.000Z,"-1227","12",20,10,0
2026-07-12T01:12:30.000Z,"-1225","12",20,10,0
2026-07-12T02:07:30.000Z,"-1226","12",20,10,0
2026-07-12T02:52:30.000Z,"-1225","12",20,10,0
2026-07-12T03:47:30.000Z,"-1226","12",20,10,0
2026-07-12T04:37:30.000Z,"-1225","12",20,10,0
2026-07-12T05:12:30.000Z,"-1227","12",20,10,0
2026-07-12T06:22:30.000Z,"-1224","12",20,10,0
2026-07-12T06:47:30.000Z,"-1225","12",20,10,0
2026-07-12T07:57:30.000Z,"-1225","12",20,10,0
2026-07-12T08:27:30.000Z,"-1226","12",20,10,0
2026-07-12T09:47:30.000Z,"-1225","12",20,10,0
2026-07-12T11:02:30.000Z,"-1226","12",20,10,0
2026-07-12T11:27:30.000Z,"-1228","12",20,10,0
2026-07-12T12:17:30.000Z,"-1225","12",20,10,0
2026-07-12T13:07:30.000Z,"-1225","12",20,10,0
2026-07-12T15:27:30.000Z,"-1226","12",20,10,0
2026-07-12T16:42:30.000Z,"-1227","12",20,10,0
2026-07-12T19:32:30.000Z,"-1225","12",20,10,0
2026-07-12T23:32:30.000Z,"-1225","12",20,10,0
2026-07-13T00:27:30.000Z,"-1224","12",20,10,0
2026-07-13T01:17:30.000Z,"-1225","12",20,10,0
2026-07-13T02:42:30.000Z,"-1225","12",20,10,0
2026-07-13T03:22:30.000Z,"-1226","12",20,10,0
2026-07-13T04:47:30.000Z,"-1225","12",20,10,0
2026-07-13T06:12:30.000Z,"-1225","12",20,10,0
2026-07-13T07:02:30.000Z,"-1224","12",20,10,0
2026-07-13T07:42:30.000Z,"-1225","12",20,10,0
2026-07-13T09:37:30.000Z,"-1226","12",20,10,0
2026-07-13T10:42:30.000Z,"-1228","12",20,10,0
2026-07-13T11:32:30.000Z,"-1226","12",20,10,0
2026-07-13T12:37:30.000Z,"-1227","12",20,10,0
2026-07-13T13:27:30.000Z,"-1226","12",20,10,0
2026-07-13T14:42:30.000Z,"-1226","12",20,10,0
2026-07-13T15:42:30.000Z,"-1225","12",20,10,0
2026-07-13T16:42:30.000Z,"-1226","12",20,10,0
2026-07-13T17:12:30.000Z,"-1226","12",20,10,0
2026-07-13T18:57:30.000Z,"-1226","12",20,10,0
2026-07-13T19:52:30.000Z,"-1228","12",20,10,0
2026-07-13T21:57:30.000Z,"-1226","12",20,10,0
2026-07-14T00:22:30.000Z,"-1226","12",20,10,0
2026-07-14T01:07:30.000Z,"-1227","12",20,10,0
2026-07-14T03:07:30.000Z,"-1225","12",20,10,0
2026-07-14T04:22:30.000Z,"-1226","12",20,10,0
2026-07-14T06:02:30.000Z,"-1226","12",20,10,0
2026-07-14T07:42:30.000Z,"-1227","12",20,10,0
2026-07-14T08:32:30.000Z,"-1229","12",20,10,0
2026-07-14T09:22:30.000Z,"-1228","12",20,10,0
2026-07-14T09:52:30.000Z,"-1229","12",20,10,0
2026-07-14T11:02:30.000Z,"-1229","12",20,10,0
2026-07-14T11:52:30.000Z,"-1226","12",20,10,0
2026-07-14T12:52:30.000Z,"-1228","12",20,10,0
2026-07-14T14:07:30.000Z,"-1226","12",20,10,0
2026-07-14T14:57:30.000Z,"-1227","12",20,10,0
2026-07-14T15:17:30.000Z,"-1226","12",20,10,0
2026-07-14T16:07:30.000Z,"-1228","12",20,10,0
2026-07-14T16:52:30.000Z,"-1226","12",20,10,0
2026-07-14T17:42:30.000Z,"-1227","12",20,10,0
2026-07-14T19:22:30.000Z,"-1227","12",20,10,0
2026-07-14T19:47:30.000Z,"-1228","12",20,10,0
2026-07-14T20:47:30.000Z,"-1226","12",20,10,0
2026-07-14T21:42:30.000Z,"-1227","12",20,10,0
2026-07-14T22:32:30.000Z,"-1226","12",20,10,0
2026-07-15T00:47:30.000Z,"-1228","12",20,10,0
2026-07-15T01:32:30.000Z,"-1226","12",20,10,0
2026-07-15T02:17:30.000Z,"-1227","12",20,10,0
2026-07-15T03:42:30.000Z,"-1227","12",20,10,0
2026-07-15T04:32:30.000Z,"-1226","12",20,10,0
2026-07-15T06:17:30.000Z,"-1228","12",20,10,0
2026-07-15T08:22:30.000Z,"-1226","12",20,10,0
2026-07-15T11:12:30.000Z,"-1229","12",20,10,0
2026-07-15T11:57:30.000Z,"-1227","12",20,10,0
2026-07-15T12:37:30.000Z,"-1228","12",20,10,0
2026-07-15T13:12:30.000Z,"-1227","12",20,10,0
2026-07-15T14:02:30.000Z,"-1228","12",20,10,0
2026-07-15T14:52:30.000Z,"-1227","12",20,10,0
2026-07-15T16:52:30.000Z,"-1226","12",20,10,0
2026-07-15T17:47:30.000Z,"-1227","12",20,10,0
2026-07-15T19:57:30.000Z,"-1227","12",20,10,0
2026-07-15T21:17:30.000Z,"-1228","12",20,10,0
2026-07-15T22:07:30.000Z,"-1227","12",20,10,0
2026-07-15T22:57:30.000Z,"-1228","12",20,10,0
2026-07-16T01:37:30.000Z,"-1226","12",20,10,0
2026-07-16T04:02:30.000Z,"-1228","12",20,10,0
2026-07-16T07:07:30.000Z,"-1225","12",20,10,0
2026-07-16T08:22:30.000Z,"-1228","12",20,10,0
2026-07-16T09:27:30.000Z,"-1227","12",20,10,0
2026-07-16T10:27:30.000Z,"-1229","12",20,10,0
2026-07-16T11:02:30.000Z,"-1229","12",20,10,0
2026-07-16T11:32:30.000Z,"-1230","12",20,10,0
2026-07-16T12:17:30.000Z,"-1228","12",20,10,0
2026-07-16T14:07:30.000Z,"-1229","12",20,10,0
2026-07-16T14:52:30.000Z,"-1230","12",20,10,0
2026-07-16T15:32:30.000Z,"-1229","12",20,10,0
2026-07-16T17:37:30.000Z,"-1229","12",20,10,0
2026-07-16T18:27:30.000Z,"-1228","12",20,10,0
2026-07-16T19:32:30.000Z,"-1229","12",20,10,0
2026-07-16T20:22:30.000Z,"-1228","12",20,10,0
2026-07-16T21:42:30.000Z,"-1230","12",20,10,0
2026-07-16T23:02:30.000Z,"-1229","12",20,10,0
2026-07-17T00:02:30.000Z,"-1230","12",20,10,0
2026-07-17T00:52:30.000Z,"-1229","12",20,10,0
2026-07-17T02:17:30.000Z,"-1229","12",20,10,0
2026-07-17T04:02:30.000Z,"-1230","12",20,10,0
2026-07-17T04:47:30.000Z,"-1229","12",20,10,0
2026-07-17T05:27:30.000Z,"-1230","12",20,10,0
2026-07-17T06:37:30.000Z,"-1228","12",20,10,0
2026-07-17T07:22:30.000Z,"-1230","12",20,10,0
2026-07-17T08:12:30.000Z,"-1228","12",20,10,0
2026-07-17T09:02:30.000Z,"-1231","12",20,10,0
2026-07-17T11:22:30.000Z,"-1232","12",20,10,0
2026-07-17T19:18:30.000Z,"-1230","12",20,10,0
2026-07-17T21:22:30.000Z,"-1229","12",20,10,0
2026-07-17T22:07:30.000Z,"-1228","12",20,10,0
2026-07-18T03:27:30.000Z,"-1228","12",20,10,0
2026-07-18T04:12:30.000Z,"-1227","12",20,10,0
2026-07-18T05:02:30.000Z,"-1229","12",20,10,0
2026-07-18T05:52:30.000Z,"-1227","12",20,10,0
2026-07-18T09:37:30.000Z,"-1232","12",20,10,0
2026-07-18T10:47:30.000Z,"-1232","12",20,10,0
2026-07-18T11:32:30.000Z,"-1231","12",20,10,0
2026-07-18T11:52:30.000Z,"-1232","12",20,10,0
2026-07-18T12:42:30.000Z,"-1231","12",20,10,0
2026-07-18T13:37:30.000Z,"-1231","12",20,10,0
2026-07-18T16:22:30.000Z,"-1229","12",20,10,0
2026-07-18T17:22:30.000Z,"-1230","12",20,10,0
2026-07-18T20:07:30.000Z,"-1229","12",20,10,0
2026-07-18T21:17:30.000Z,"-1230","12",20,10,0
2026-07-18T22:17:30.000Z,"-1229","12",20,10,0
2026-07-19T00:37:30.000Z,"-1230","12",20,10,0
2026-07-19T01:27:30.000Z,"-1229","12",20,10,0
2026-07-19T02:47:30.000Z,"-1229","12",20,10,0
2026-07-19T03:37:30.000Z,"-1227","12",20,10,0
2026-07-19T05:52:30.000Z,"-1228","12",20,10,0
2026-07-19T06:47:30.000Z,"-1227","12",20,10,0
2026-07-19T07:12:30.000Z,"-1227","12",20,10,0
2026-07-19T07:42:30.000Z,"-1229","12",20,10,0
2026-07-19T09:02:30.000Z,"-1228","12",20,10,0
2026-07-19T09:57:30.000Z,"-1230","12",20,10,0
2026-07-19T11:07:30.000Z,"-1230","12",20,10,0
2026-07-19T12:32:30.000Z,"-1229","12",20,10,0
2026-07-19T13:27:30.000Z,"-1231","12",20,10,0
2026-07-19T16:37:30.000Z,"-1231","12",20,10,0
2026-07-19T17:52:30.000Z,"-1229","12",20,10,0
2026-07-19T18:57:30.000Z,"-1230","12",20,10,0
2026-07-19T19:42:30.000Z,"-1231","12",20,10,0
2026-07-19T20:32:30.000Z,"-1229","12",20,10,0
2026-07-19T21:22:30.000Z,"-1229","12",20,10,0
2026-07-20T02:02:30.000Z,"-1228","12",20,10,0
2026-07-20T02:57:30.000Z,"-1229","12",20,10,0
2026-07-20T06:52:30.000Z,"-1227","12",20,10,0
2026-07-20T07:42:30.000Z,"-1229","12",20,10,0
2026-07-20T08:17:30.000Z,"-1228","12",20,10,0
2026-07-20T10:52:30.000Z,"-1232","12",20,10,0
2026-07-20T11:47:30.000Z,"-1232","12",20,10,0
2026-07-20T12:42:30.000Z,"-1229","12",20,10,0
2026-07-20T13:27:30.000Z,"-1230","12",20,10,0
2026-07-20T15:07:30.000Z,"-1230","12",20,10,0
2026-07-20T15:52:30.000Z,"-1231","12",20,10,0
2026-07-20T17:27:30.000Z,"-1229","12",20,10,0
2026-07-20T17:30:00.000Z,"-1229","12",20,10,0
2026-07-20T17:45:00.000Z,"-1231","12",20,10,0
2026-07-20T18:07:30.000Z,"-1232","12",20,10,0
2026-07-20T18:57:30.000Z,"-1231","12",20,10,0
2026-07-20T20:12:30.000Z,"-1232","12",20,10,0
2026-07-20T22:47:30.000Z,"-1231","12",20,10,0
2026-07-20T23:42:30.000Z,"-1232","12",20,10,0
2026-07-21T01:37:30.000Z,"-1230","12",20,10,0
2026-07-21T02:22:30.000Z,"-1231","12",20,10,0
2026-07-21T04:07:30.000Z,"-1229","12",20,10,0
2026-07-21T05:27:30.000Z,"-1230","12",20,10,0
2026-07-21T07:02:30.000Z,"-1228","12",20,10,0
2026-07-21T07:27:30.000Z,"-1230","12",20,10,0
2026-07-21T08:57:30.000Z,"-1231","12",20,10,0
2026-07-21T10:18:30.000Z,"-1230","12",20,10,0
2026-07-21T10:49:00.000Z,"-1230","12",20,10,0
2026-07-21T11:14:00.000Z,"-1230","12",20,10,0
2026-07-21T11:37:00.000Z,"-1230","12",20,10,0
2026-07-21T11:47:30.000Z,"-1228","12",20,10,0
2026-07-21T12:22:30.000Z,"-1229","12",20,10,0
2026-07-21T13:32:30.000Z,"-1230","12",20,10,0
2026-07-21T14:22:30.000Z,"-1230","12",20,10,0
2026-07-21T15:07:30.000Z,"-1232","12",20,10,0
2026-07-21T17:27:30.000Z,"-1232","12",20,10,0
2026-07-21T18:27:30.000Z,"-1230","12",20,10,0
2026-07-21T19:22:30.000Z,"-1231","12",20,10,0
2026-07-21T20:02:30.000Z,"-1229","12",20,10,0
2026-07-21T20:52:30.000Z,"-1231","12",20,10,0
2026-07-21T23:42:30.000Z,"-1229","12",20,10,0
2026-07-22T02:52:30.000Z,"-1230","12",20,10,0
2026-07-22T04:12:30.000Z,"-1229","12",20,10,0
2026-07-22T04:42:30.000Z,"-1230","12",20,10,0
2026-07-22T05:32:30.000Z,"-1228","12",20,10,0
2026-07-22T05:47:30.000Z,"-1229","12",20,10,0
2026-07-22T06:12:30.000Z,"-1228","12",20,10,0
2026-07-22T07:47:30.000Z,"-1229","12",20,10,0
2026-07-22T09:47:30.000Z,"-1234","12",20,10,0
2026-07-22T11:02:30.000Z,"-1235","12",20,10,0
2026-07-22T15:07:30.000Z,"-1231","12",20,10,0
2026-07-22T16:02:30.000Z,"-1232","12",20,10,0
2026-07-22T19:02:30.000Z,"-1231","12",20,10,0
2026-07-22T19:37:30.000Z,"-1230","12",20,10,0
2026-07-22T20:27:30.000Z,"-1231","12",20,10,0
2026-07-22T23:37:30.000Z,"-1230","12",20,10,0
2026-07-23T00:47:30.000Z,"-1231","12",20,10,0
2026-07-23T01:57:30.000Z,"-1229","12",20,10,0
2026-07-23T04:12:30.000Z,"-1230","12",20,10,0
2026-07-23T04:57:30.000Z,"-1229","12",20,10,0
2026-07-23T05:42:30.000Z,"-1230","12",20,10,0
2026-07-23T06:22:30.000Z,"-1228","12",20,10,0
2026-07-23T07:57:30.000Z,"-1229","12",20,10,0
2026-07-23T09:47:30.000Z,"-1232","12",20,10,0
2026-07-23T11:27:30.000Z,"-1232","12",20,10,0
2026-07-23T11:42:30.000Z,"-1230","12",20,10,0
2026-07-23T12:17:30.000Z,"-1229","12",20,10,0
2026-07-23T12:52:30.000Z,"-1232","12",20,10,0
2026-07-23T13:47:30.000Z,"-1230","12",20,10,0
2026-07-23T14:22:30.000Z,"-1231","12",20,10,0
2026-07-23T15:52:30.000Z,"-1231","12",20,10,0
2026-07-23T16:37:30.000Z,"-1232","12",20,10,0
2026-07-23T17:22:30.000Z,"-1231","12",20,10,0
2026-07-23T18:37:30.000Z,"-1231","12",20,10,0
2026-07-23T19:47:30.000Z,"-1230","12",20,10,0
2026-07-23T21:07:30.000Z,"-1231","12",20,10,0
2026-07-23T22:17:30.000Z,"-1230","12",20,10,0
2026-07-24T00:17:30.000Z,"-1230","12",20,10,0
2026-07-24T03:42:30.000Z,"-1229","12",20,10,0
2026-07-24T06:12:30.000Z,"-1230","12",20,10,0
2026-07-24T07:02:30.000Z,"-1229","12",20,10,0
2026-07-24T08:57:30.000Z,"-1231","12",20,10,0
2026-07-24T09:32:30.000Z,"-1233","12",20,10,0
2026-07-24T10:37:30.000Z,"-1234","12",20,10,0
2026-07-24T11:17:30.000Z,"-1233","12",20,10,0
2026-07-24T11:42:30.000Z,"-1234","12",20,10,0
2026-07-24T13:02:30.000Z,"-1232","12",20,10,0
2026-07-24T13:27:30.000Z,"-1232","12",20,10,0
2026-07-24T15:02:30.000Z,"-1230","12",20,10,0
2026-07-24T17:07:30.000Z,"-1232","12",20,10,0
2026-07-24T18:02:30.000Z,"-1230","12",20,10,0
2026-07-24T18:57:30.000Z,"-1231","12",20,10,0
2026-07-24T20:07:30.000Z,"-1229","12",20,10,0
2026-07-24T21:37:30.000Z,"-1229","12",20,10,0
2026-07-24T22:02:30.000Z,"-1228","12",20,10,0
2026-07-24T22:32:30.000Z,"-1228","12",20,10,0
2026-07-24T22:52:30.000Z,"-1229","12",20,10,0
2026-07-25T00:02:30.000Z,"-1228","12",20,10,0
2026-07-25T01:02:30.000Z,"-1230","12",20,10,0
2026-07-25T02:02:30.000Z,"-1230","12",20,10,0
2026-07-25T02:52:30.000Z,"-1229","12",20,10,0
2026-07-25T03:42:30.000Z,"-1230","12",20,10,0
2026-07-25T04:12:30.000Z,"-1228","12",20,10,0
2026-07-25T04:37:30.000Z,"-1228","12",20,10,0
2026-07-25T05:02:30.000Z,"-1229","12",20,10,0
2026-07-25T06:22:30.000Z,"-1229","12",20,10,0
2026-07-25T08:47:30.000Z,"-1231","12",20,10,0
2026-07-25T10:02:30.000Z,"-1234","12",20,10,0
2026-07-25T10:57:30.000Z,"-1234","12",20,10,0
2026-07-25T11:57:30.000Z,"-1236","12",20,10,0
2026-07-25T13:37:30.000Z,"-1234","12",20,10,0
2026-07-25T14:32:30.000Z,"-1235","12",20,10,0
2026-07-25T15:17:30.000Z,"-1234","12",20,10,0
2026-07-25T15:42:30.000Z,"-1235","12",20,10,0
2026-07-25T16:47:30.000Z,"-1233","12",20,10,0
2026-07-25T17:37:30.000Z,"-1234","12",20,10,0
2026-07-25T19:17:30.000Z,"-1231","12",20,10,0
2026-07-26T00:57:30.000Z,"-1231","12",20,10,0
2026-07-26T03:12:30.000Z,"-1229","12",20,10,0
2026-07-26T04:32:30.000Z,"-1230","12",20,10,0
2026-07-26T05:22:30.000Z,"-1228","12",20,10,0
2026-07-26T06:07:30.000Z,"-1229","12",20,10,0
2026-07-26T06:57:30.000Z,"-1228","12",20,10,0
2026-07-26T08:12:30.000Z,"-1231","12",20,10,0
2026-07-26T10:27:30.000Z,"-1235","12",20,10,0
2026-07-26T11:42:30.000Z,"-1232","12",20,10,0
2026-07-26T13:02:30.000Z,"-1233","12",20,10,0
2026-07-26T13:47:30.000Z,"-1232","12",20,10,0
2026-07-26T14:57:30.000Z,"-1233","12",20,10,0
2026-07-26T15:57:30.000Z,"-1232","12",20,10,0
2026-07-26T16:47:30.000Z,"-1233","12",20,10,0
2026-07-26T19:12:30.000Z,"-1231","12",20,10,0
2026-07-26T21:47:30.000Z,"-1231","12",20,10,0
2026-07-26T22:37:30.000Z,"-1230","12",20,10,0
2026-07-27T01:02:30.000Z,"-1231","12",20,10,0
2026-07-27T01:52:30.000Z,"-1230","12",20,10,0
2026-07-27T03:52:30.000Z,"-1230","12",20,10,0
2026-07-27T04:42:30.000Z,"-1229","12",20,10,0
2026-07-27T07:37:30.000Z,"-1231","12",20,10,0
2026-07-27T10:07:30.000Z,"-1233","12",20,10,0
2026-07-27T10:22:30.000Z,"-1235","12",20,10,0
2026-07-27T11:17:30.000Z,"-1234","12",20,10,0
2026-07-27T12:57:30.000Z,"-1235","12",20,10,0
2026-07-27T13:47:30.000Z,"-1233","12",20,10,0
2026-07-27T14:12:30.000Z,"-1234","12",20,10,0
2026-07-27T14:52:30.000Z,"-1233","12",20,10,0
2026-07-27T16:07:30.000Z,"-1233","12",20,10,0
2026-07-27T17:52:30.000Z,"-1232","12",20,10,0
2026-07-27T19:42:30.000Z,"-1229","12",20,10,0
2026-07-27T22:57:30.000Z,"-1231","12",20,10,0
2026-07-28T00:57:30.000Z,"-1229","12",20,10,0
2026-07-28T01:42:30.000Z,"-1231","12",20,10,0
2026-07-28T05:02:30.000Z,"-1231","12",20,10,0
2026-07-28T05:52:30.000Z,"-1230","12",20,10,0
2026-07-28T07:57:30.000Z,"-1231","12",20,10,0
2026-07-28T09:02:30.000Z,"-1233","12",20,10,0
2026-07-28T09:42:30.000Z,"-1236","12",20,10,0
2026-07-28T10:57:30.000Z,"-1238","12",20,10,0
2026-07-28T12:02:30.000Z,"-1237","12",20,10,0
2026-07-28T12:50:00.000Z,"-1230","12",20,10,0
2026-07-28T12:51:00.000Z,"-1230","12",20,10,0
2026-07-28T13:17:30.000Z,"-1233","12",20,10,0
2026-07-28T14:27:30.000Z,"-1234","12",20,10,0
2026-07-28T14:42:30.000Z,"-1233","12",20,10,0
2026-07-28T15:32:30.000Z,"-1233","12",20,10,0
2026-07-28T18:22:30.000Z,"-1229","12",20,10,0
2026-07-28T20:12:30.000Z,"-1230","12",20,10,0
2026-07-28T21:17:30.000Z,"-1229","12",20,10,0
2026-07-29T00:27:30.000Z,"-1229","12",20,10,0
2026-07-29T01:07:30.000Z,"-1228","12",20,10,0
2026-07-29T02:12:30.000Z,"-1228","12",20,10,0
2026-07-29T05:02:30.000Z,"-1229","12",20,10,0
2026-07-29T07:02:30.000Z,"-1228","12",20,10,0
2026-07-29T07:52:30.000Z,"-1230","12",20,10,0
2026-07-29T09:17:30.000Z,"-1232","12",20,10,0
2026-07-29T11:07:30.000Z,"-1236","12",20,10,0
2026-07-29T12:22:30.000Z,"-1236","12",20,10,0
2026-07-29T13:02:30.000Z,"-1234","12",20,10,0
2026-07-29T14:42:30.000Z,"-1235","12",20,10,0
2026-07-29T15:32:30.000Z,"-1231","12",20,10,0
2026-07-29T16:07:30.000Z,"-1231","12",20,10,0
2026-07-29T16:22:30.000Z,"-1233","12",20,10,0
2026-07-29T16:42:30.000Z,"-1233","12",20,10,0
2026-07-29T17:42:30.000Z,"-1230","12",20,10,0
2026-07-29T20:07:30.000Z,"-1230","12",20,10,0
2026-07-29T20:52:30.000Z,"-1229","12",20,10,0
2026-07-29T23:17:30.000Z,"-1230","12",20,10,0
2026-07-30T02:12:30.000Z,"-1229","12",20,10,0
2026-07-30T04:07:30.000Z,"-1231","12",20,10,0
2026-07-30T04:57:30.000Z,"-1230","12",20,10,0
2026-07-30T05:47:30.000Z,"-1231","12",20,10,0
2026-07-30T06:42:30.000Z,"-1229","12",20,10,0
2026-07-30T07:27:30.000Z,"-1229","12",20,10,0
2026-07-30T08:22:30.000Z,"-1230","12",20,10,0
2026-07-30T09:27:30.000Z,"-1230","12",20,10,0
2026-07-30T10:07:30.000Z,"-1232","12",20,10,0
2026-07-30T10:22:30.000Z,"-1233","12",20,10,0
2026-07-30T10:47:30.000Z,"-1234","12",20,10,0
2026-07-30T12:27:30.000Z,"-1231","12",20,10,0
2026-07-30T14:27:30.000Z,"-1232","12",20,10,0
2026-07-30T16:52:30.000Z,"-1230","12",20,10,0
2026-07-30T17:42:30.000Z,"-1231","12",20,10,0
2026-07-30T18:52:30.000Z,"-1229","12",20,10,0
2026-07-30T20:17:30.000Z,"-1230","12",20,10,0
2026-07-30T23:27:30.000Z,"-1229","12",20,10,0
2026-07-31T01:17:30.000Z,"-1230","12",20,10,0
2026-07-31T02:27:30.000Z,"-1229","12",20,10,0
2026-07-31T03:17:30.000Z,"-1230","12",20,10,0
2026-07-31T03:52:30.000Z,"-1229","12",20,10,0
2026-07-31T05:07:30.000Z,"-1229","12",20,10,0
2026-07-31T05:37:30.000Z,"-1229","12",20,10,0
2026-07-31T06:47:30.000Z,"-1230","12",20,10,0
2026-07-31T08:47:30.000Z,"-1230","12",20,10,0
2026-07-31T10:22:30.000Z,"-1232","12",20,10,0
2026-07-31T10:52:30.000Z,"-1231","12",20,10,0
2026-07-31T11:37:30.000Z,"-1233","12",20,10,0
2026-07-31T12:22:30.000Z,"-1231","12",20,10,0
2026-07-31T13:32:30.000Z,"-1231","12",20,10,0
2026-07-31T14:07:30.000Z,"-1232","12",20,10,0
2026-07-31T15:27:30.000Z,"-1231","12",20,10,0
2026-07-31T17:37:30.000Z,"-1230","12",20,10,0
2026-07-31T19:02:30.000Z,"-1229","12",20,10,0
2026-07-31T21:52:30.000Z,"-1231","12",20,10,0
2026-07-31T22:27:30.000Z,"-1230","12",20,10,0
2026-08-01T00:02:30.000Z,"-1231","12",20,10,0
2026-08-01T01:47:30.000Z,"-1229","12",20,10,0
2026-08-01T03:02:30.000Z,"-1230","12",20,10,0
2026-08-01T05:27:30.000Z,"-1230","12",20,10,0
2026-08-01T07:17:30.000Z,"-1228","12",20,10,0
2026-08-01T08:12:30.000Z,"-1231","12",20,10,0
2026-08-01T09:42:30.000Z,"-1233","12",20,10,0
2026-08-01T10:37:30.000Z,"-1235","12",20,10,0
2026-08-01T11:07:30.000Z,"-1234","12",20,10,0
2026-08-01T12:32:30.000Z,"-1234","12",20,10,0
2026-08-01T13:42:30.000Z,"-1231","12",20,10,0
2026-08-01T14:47:30.000Z,"-1232","12",20,10,0
2026-08-01T15:02:30.000Z,"-1231","12",20,10,0
2026-08-01T16:02:30.000Z,"-1232","12",20,10,0
2026-08-01T17:42:30.000Z,"-1230","12",20,10,0
2026-08-01T19:42:30.000Z,"-1230","12",20,10,0
2026-08-01T20:32:30.000Z,"-1229","12",20,10,0
2026-08-01T22:47:30.000Z,"-1229","12",20,10,0
2026-08-01T23:42:30.000Z,"-1229","12",20,10,0
2026-08-02T00:32:30.000Z,"-1229","12",20,10,0
2026-08-02T02:02:30.000Z,"-1230","12",20,10,0
2026-08-02T02:52:30.000Z,"-1229","12",20,10,0
2026-08-02T05:22:30.000Z,"-1228","12",20,10,0
2026-08-02T05:47:30.000Z,"-1227","12",20,10,0
2026-08-02T07:37:30.000Z,"-1230","12",20,10,0
2026-08-02T09:37:30.000Z,"-1232","12",20,10,0
2026-08-02T10:57:30.000Z,"-1235","12",20,10,0
2026-08-02T13:47:30.000Z,"-1232","12",20,10,0
2026-08-02T14:37:30.000Z,"-1233","12",20,10,0
2026-08-02T14:57:30.000Z,"-1231","12",20,10,0
2026-08-02T15:47:30.000Z,"-1232","12",20,10,0
2026-08-02T18:02:30.000Z,"-1232","12",20,10,0
2026-08-02T18:52:30.000Z,"-1231","12",20,10,0
2026-08-02T21:27:30.000Z,"-1231","12",20,10,0
2026-08-02T22:17:30.000Z,"-1230","12",20,10,0
2026-08-02T23:57:30.000Z,"-1231","12",20,10,0
2026-08-03T00:52:30.000Z,"-1229","12",20,10,0
2026-08-03T01:52:30.000Z,"-1231","12",20,10,0
2026-08-03T03:47:30.000Z,"-1229","12",20,10,0
2026-08-03T04:47:30.000Z,"-1231","12",20,10,0
2026-08-03T06:57:30.000Z,"-1231","12",20,10,0
2026-08-03T10:12:30.000Z,"-1234","12",20,10,0
2026-08-03T11:22:30.000Z,"-1233","12",20,10,0
2026-08-03T11:42:30.000Z,"-1232","12",20,10,0
2026-08-03T12:52:30.000Z,"-1233","12",20,10,0
2026-08-03T14:07:30.000Z,"-1231","12",20,10,0
2026-08-03T16:07:30.000Z,"-1233","12",20,10,0
2026-08-03T19:07:30.000Z,"-1230","12",20,10,0
2026-08-03T21:37:30.000Z,"-1229","12",20,10,0
2026-08-03T23:17:30.000Z,"-1231","12",20,10,0
2026-08-03T23:42:30.000Z,"-1230","12",20,10,0
2026-08-04T00:32:30.000Z,"-1231","12",20,10,0
2026-08-04T02:27:30.000Z,"-1230","12",20,10,0
2026-08-04T05:07:30.000Z,"-1231","12",20,10,0
2026-08-04T05:52:30.000Z,"-1229","12",20,10,0
2026-08-04T08:07:30.000Z,"-1230","12",20,10,0
2026-08-04T09:22:30.000Z,"-1234","12",20,10,0
2026-08-04T10:32:30.000Z,"-1235","12",20,10,0
2026-08-04T12:02:30.000Z,"-1234","12",20,10,0
2026-08-04T12:52:30.000Z,"-1233","12",20,10,0
2026-08-04T13:57:30.000Z,"-1233","12",20,10,0
2026-08-04T14:47:30.000Z,"-1232","12",20,10,0
2026-08-04T16:32:30.000Z,"-1232","12",20,10,0
2026-08-04T17:47:30.000Z,"-1230","12",20,10,0
2026-08-04T18:32:30.000Z,"-1231","12",20,10,0
2026-08-04T21:12:30.000Z,"-1228","12",20,10,0
2026-08-04T23:37:30.000Z,"-1229","12",20,10,0
2026-08-05T00:12:30.000Z,"-1228","12",20,10,0
2026-08-05T00:57:30.000Z,"-1229","12",20,10,0
2026-08-05T03:17:30.000Z,"-1229","12",20,10,0
2026-08-05T04:07:30.000Z,"-1230","12",20,10,0
2026-08-05T05:02:30.000Z,"-1229","12",20,10,0
2026-08-05T06:12:30.000Z,"-1230","12",20,10,0
2026-08-05T07:22:30.000Z,"-1229","12",20,10,0
2026-08-05T08:27:30.000Z,"-1230","12",20,10,0
2026-08-05T09:27:30.000Z,"-1230","12",20,10,0
2026-08-05T10:37:30.000Z,"-1232","12",20,10,0
2026-08-05T12:32:30.000Z,"-1234","12",20,10,0
2026-08-05T13:22:30.000Z,"-1232","12",20,10,0
2026-08-05T14:37:30.000Z,"-1234","12",20,10,0
2026-08-05T15:07:30.000Z,"-1233","12",20,10,0
2026-08-05T15:47:30.000Z,"-1233","12",20,10,0
2026-08-05T17:02:30.000Z,"-1230","12",20,10,0
2026-08-05T20:32:30.000Z,"-1229","12",20,10,0
2026-08-05T21:27:30.000Z,"-1228","12",20,10,0
2026-08-05T22:27:30.000Z,"-1229","12",20,10,0
2026-08-06T00:17:30.000Z,"-1228","12",20,10,0
2026-08-06T02:27:30.000Z,"-1229","12",20,10,0
2026-08-06T03:37:30.000Z,"-1229","12",20,10,0
2026-08-06T04:22:30.000Z,"-1228","12",20,10,0
2026-08-06T05:12:30.000Z,"-1229","12",20,10,0
2026-08-06T06:42:30.000Z,"-1229","12",20,10,0
2026-08-06T07:47:30.000Z,"-1231","12",20,10,0
2026-08-06T08:47:30.000Z,"-1230","12",20,10,0
2026-08-06T11:37:30.000Z,"-1233","12",20,10,0
2026-08-06T14:17:30.000Z,"-1230","12",20,10,0
2026-08-06T16:42:30.000Z,"-1232","12",20,10,0
2026-08-06T18:02:30.000Z,"-1230","12",20,10,0
2026-08-06T19:42:30.000Z,"-1231","12",20,10,0
2026-08-06T21:27:30.000Z,"-1230","12",20,10,0
2026-08-06T22:52:30.000Z,"-1228","12",20,10,0
2026-08-07T00:32:30.000Z,"-1229","12",20,10,0
2026-08-07T01:57:30.000Z,"-1227","12",20,10,0
2026-08-07T05:02:30.000Z,"-1229","12",20,10,0
2026-08-07T06:12:30.000Z,"-1226","12",20,10,0
2026-08-07T08:02:30.000Z,"-1230","12",20,10,0
2026-08-07T08:57:30.000Z,"-1229","12",20,10,0
2026-08-07T10:02:30.000Z,"-1234","12",20,10,0
2026-08-07T10:57:30.000Z,"-1234","12",20,10,0
2026-08-07T11:37:30.000Z,"-1234","12",20,10,0
2026-08-07T14:07:30.000Z,"-1230","12",20,10,0
2026-08-07T14:42:30.000Z,"-1231","12",20,10,0
2026-08-07T15:37:30.000Z,"-1230","12",20,10,0
2026-08-07T16:27:30.000Z,"-1231","12",20,10,0
2026-08-07T17:57:30.000Z,"-1231","12",20,10,0
2026-08-07T19:12:30.000Z,"-1228","12",20,10,0
2026-08-07T21:27:30.000Z,"-1228","12",20,10,0
2026-08-07T22:22:30.000Z,"-1229","12",20,10,0
2026-08-08T00:12:30.000Z,"-1229","12",20,10,0
2026-08-08T01:07:30.000Z,"-1227","12",20,10,0
2026-08-08T01:42:30.000Z,"-1228","12",20,10,0
2026-08-08T02:52:30.000Z,"-1228","12",20,10,0
2026-08-08T03:17:30.000Z,"-1229","12",20,10,0
2026-08-08T05:02:30.000Z,"-1227","12",20,10,0
2026-08-08T06:27:30.000Z,"-1229","12",20,10,0
2026-08-08T07:07:30.000Z,"-1227","12",20,10,0
2026-08-08T08:22:30.000Z,"-1232","12",20,10,0
2026-08-08T09:07:30.000Z,"-1231","12",20,10,0
2026-08-08T10:07:30.000Z,"-1234","12",20,10,0
2026-08-08T10:57:30.000Z,"-1233","12",20,10,0
2026-08-08T11:37:30.000Z,"-1235","12",20,10,0
2026-08-08T13:37:30.000Z,"-1232","12",20,10,0
2026-08-08T17:37:30.000Z,"-1231","12",20,10,0
2026-08-08T18:27:30.000Z,"-1230","12",20,10,0
2026-08-08T19:17:30.000Z,"-1231","12",20,10,0
2026-08-08T20:02:30.000Z,"-1229","12",20,10,0
2026-08-09T00:57:30.000Z,"-1230","12",20,10,0
2026-08-09T01:57:30.000Z,"-1229","12",20,10,0
2026-08-09T04:22:30.000Z,"-1229","12",20,10,0
2026-08-09T05:12:30.000Z,"-1228","12",20,10,0
2026-08-09T07:37:30.000Z,"-1230","12",20,10,0
2026-08-09T09:07:30.000Z,"-1232","12",20,10,0
2026-08-09T09:32:30.000Z,"-1232","12",20,10,0
2026-08-09T10:22:30.000Z,"-1235","12",20,10,0
2026-08-09T11:12:30.000Z,"-1235","12",20,10,0
2026-08-09T13:17:30.000Z,"-1232","12",20,10,0
2026-08-09T14:17:30.000Z,"-1233","12",20,10,0
2026-08-09T14:42:30.000Z,"-1232","12",20,10,0
2026-08-09T15:27:30.000Z,"-1233","12",20,10,0
2026-08-09T16:02:30.000Z,"-1231","12",20,10,0
2026-08-09T16:52:30.000Z,"-1232","12",20,10,0
2026-08-09T17:52:30.000Z,"-1229","12",20,10,0
2026-08-09T20:27:30.000Z,"-1229","12",20,10,0
2026-08-09T21:27:30.000Z,"-1228","12",20,10,0
2026-08-09T23:17:30.000Z,"-1230","12",20,10,0
2026-08-10T00:07:30.000Z,"-1228","12",20,10,0
2026-08-10T00:57:30.000Z,"-1229","12",20,10,0
2026-08-10T01:47:30.000Z,"-1227","12",20,10,0
2026-08-10T02:57:30.000Z,"-1230","12",20,10,0
2026-08-10T04:27:30.000Z,"-1228","12",20,10,0
2026-08-10T05:27:30.000Z,"-1228","12",20,10,0
2026-08-10T06:37:30.000Z,"-1230","12",20,10,0
2026-08-10T07:17:30.000Z,"-1229","12",20,10,0
2026-08-10T08:07:30.000Z,"-1231","12",20,10,0
2026-08-10T08:52:30.000Z,"-1231","12",20,10,0
2026-08-10T09:37:30.000Z,"-1233","12",20,10,0
2026-08-10T11:07:30.000Z,"-1234","12",20,10,0
2026-08-10T13:02:30.000Z,"-1231","12",20,10,0
2026-08-10T15:17:30.000Z,"-1231","12",20,10,0
2026-08-10T16:12:30.000Z,"-1230","12",20,10,0
2026-08-10T17:27:30.000Z,"-1230","12",20,10,0
2026-08-10T19:22:30.000Z,"-1228","12",20,10,0
2026-08-10T20:57:30.000Z,"-1229","12",20,10,0
2026-08-10T23:27:30.000Z,"-1229","12",20,10,0
2026-08-11T00:57:30.000Z,"-1229","12",20,10,0
2026-08-11T01:47:30.000Z,"-1228","12",20,10,0
2026-08-11T02:47:30.000Z,"-1229","12",20,10,0
2026-08-11T04:37:30.000Z,"-1227","12",20,10,0
2026-08-11T07:32:30.000Z,"-1230","12",20,10,0
2026-08-11T08:22:30.000Z,"-1229","12",20,10,0
2026-08-11T10:17:30.000Z,"-1233","12",20,10,0
2026-08-11T11:22:30.000Z,"-1235","12",20,10,0
2026-08-11T11:42:30.000Z,"-1234","12",20,10,0
2026-08-11T12:12:30.000Z,"-1232","12",20,10,0
2026-08-11T13:07:30.000Z,"-1232","12",20,10,0
2026-08-11T13:47:30.000Z,"-1231","12",20,10,0
2026-08-11T14:27:30.000Z,"-1232","12",20,10,0
2026-08-11T14:57:30.000Z,"-1231","12",20,10,0
2026-08-11T15:47:30.000Z,"-1233","12",20,10,0
2026-08-11T16:37:30.000Z,"-1232","12",20,10,0
2026-08-11T16:52:30.000Z,"-1233","12",20,10,0
2026-08-11T18:12:30.000Z,"-1230","12",20,10,0
2026-08-11T19:07:30.000Z,"-1230","12",20,10,0
2026-08-11T20:57:30.000Z,"-1228","12",20,10,0
2026-08-11T22:32:30.000Z,"-1230","12",20,10,0
2026-08-12T03:02:30.000Z,"-1229","12",20,10,0
2026-08-12T04:22:30.000Z,"-1229","12",20,10,0
2026-08-12T05:12:30.000Z,"-1228","12",20,10,0
2026-08-12T06:22:30.000Z,"-1230","12",20,10,0
2026-08-12T08:22:30.000Z,"-1231","12",20,10,0
2026-08-12T10:32:30.000Z,"-1235","12",20,10,0
2026-08-12T11:57:30.000Z,"-1234","12",20,10,0
2026-08-12T13:02:30.000Z,"-1232","12",20,10,0
2026-08-12T14:22:30.000Z,"-1231","12",20,10,0
2026-08-12T15:12:30.000Z,"-1231","12",20,10,0
2026-08-12T16:17:30.000Z,"-1230","12",20,10,0
2026-08-12T18:27:30.000Z,"-1229","12",20,10,0
2026-08-12T19:17:30.000Z,"-1230","12",20,10,0
2026-08-12T20:12:30.000Z,"-1229","12",20,10,0
2026-08-12T22:22:30.000Z,"-1229","12",20,10,0
2026-08-13T00:12:30.000Z,"-1227","12",20,10,0
2026-08-13T01:27:30.000Z,"-1229","12",20,10,0
2026-08-13T02:17:30.000Z,"-1228","12",20,10,0
2026-08-13T06:02:30.000Z,"-1227","12",20,10,0
2026-08-13T08:17:30.000Z,"-1231","12",20,10,0
2026-08-13T12:12:30.000Z,"-1235","12",20,10,0
2026-08-13T13:27:30.000Z,"-1232","12",20,10,0
2026-08-13T15:07:30.000Z,"-1231","12",20,10,0
2026-08-13T15:42:30.000Z,"-1231","12",20,10,0
2026-08-13T16:37:30.000Z,"-1229","12",20,10,0
2026-08-13T18:02:30.000Z,"-1230","12",20,10,0
2026-08-13T19:27:30.000Z,"-1228","12",20,10,0
2026-08-13T21:07:30.000Z,"-1228","12",20,10,0
2026-08-13T21:27:30.000Z,"-1228","12",20,10,0
2026-08-13T22:17:30.000Z,"-1229","12",20,10,0
2026-08-13T22:52:30.000Z,"-1228","12",20,10,0
2026-08-13T23:32:30.000Z,"-1229","12",20,10,0
2026-08-14T00:17:30.000Z,"-1227","12",20,10,0
2026-08-14T00:57:30.000Z,"-1228","12",20,10,0
2026-08-14T04:27:30.000Z,"-1228","12",20,10,0
2026-08-14T04:52:30.000Z,"-1229","12",20,10,0
2026-08-14T06:02:30.000Z,"-1228","12",20,10,0
2026-08-14T06:57:30.000Z,"-1230","12",20,10,0
2026-08-14T08:27:30.000Z,"-1230","12",20,10,0
2026-08-14T09:17:30.000Z,"-1231","12",20,10,0
2026-08-14T09:47:30.000Z,"-1230","12",20,10,0
2026-08-14T10:17:30.000Z,"-1231","12",20,10,0
2026-08-14T10:32:30.000Z,"-1234","12",20,10,0
2026-08-14T10:57:30.000Z,"-1235","12",20,10,0
2026-08-14T11:47:30.000Z,"-1232","12",20,10,0
2026-08-14T12:07:30.000Z,"-1234","12",20,10,0
2026-08-14T12:22:30.000Z,"-1235","12",20,10,0
2026-08-14T13:07:30.000Z,"-1232","12",20,10,0
2026-08-14T15:57:30.000Z,"-1228","12",20,10,0
2026-08-14T17:37:30.000Z,"-1229","12",20,10,0
2026-08-14T18:37:30.000Z,"-1228","12",20,10,0
2026-08-14T19:07:30.000Z,"-1229","12",20,10,0
2026-08-14T22:37:30.000Z,"-1229","12",20,10,0
2026-08-15T00:07:30.000Z,"-1231","12",20,10,0
2026-08-15T01:02:30.000Z,"-1229","12",20,10,0
2026-08-15T02:27:30.000Z,"-1229","12",20,10,0
2026-08-15T03:22:30.000Z,"-1231","12",20,10,0
2026-08-15T06:22:30.000Z,"-1229","12",20,10,0
2026-08-15T07:52:30.000Z,"-1231","12",20,10,0
2026-08-15T09:52:30.000Z,"-1230","12",20,10,0
2026-08-15T11:32:30.000Z,"-1232","12",20,10,0
2026-08-15T12:22:30.000Z,"-1231","12",20,10,0
2026-08-15T13:17:30.000Z,"-1231","12",20,10,0
2026-08-15T14:07:30.000Z,"-1230","12",20,10,0
2026-08-15T15:07:30.000Z,"-1232","12",20,10,0
2026-08-15T16:02:30.000Z,"-1231","12",20,10,0
2026-08-15T16:42:30.000Z,"-1232","12",20,10,0
2026-08-15T17:57:30.000Z,"-1229","12",20,10,0
2026-08-15T19:02:30.000Z,"-1230","12",20,10,0
2026-08-15T20:52:30.000Z,"-1229","12",20,10,0
2026-08-15T21:47:30.000Z,"-1230","12",20,10,0
2026-08-16T00:07:30.000Z,"-1228","12",20,10,0
2026-08-16T02:37:30.000Z,"-1230","12",20,10,0
2026-08-16T03:47:30.000Z,"-1228","12",20,10,0
2026-08-16T04:37:30.000Z,"-1229","12",20,10,0
2026-08-16T05:32:30.000Z,"-1228","12",20,10,0
2026-08-16T07:22:30.000Z,"-1231","12",20,10,0
2026-08-16T09:42:30.000Z,"-1231","12",20,10,0
2026-08-16T10:37:30.000Z,"-1234","12",20,10,0
2026-08-16T11:12:30.000Z,"-1232","12",20,10,0
2026-08-16T13:27:30.000Z,"-1231","12",20,10,0
2026-08-16T15:42:30.000Z,"-1231","12",20,10,0
2026-08-16T16:52:30.000Z,"-1229","12",20,10,0
2026-08-16T17:42:30.000Z,"-1230","12",20,10,0
2026-08-16T19:32:30.000Z,"-1228","12",20,10,0
2026-08-16T23:47:30.000Z,"-1230","12",20,10,0
2026-08-17T00:37:30.000Z,"-1229","12",20,10,0
2026-08-17T01:32:30.000Z,"-1230","12",20,10,0
2026-08-17T04:27:30.000Z,"-1229","12",20,10,0
2026-08-17T05:17:30.000Z,"-1228","12",20,10,0
2026-08-17T07:02:30.000Z,"-1230","12",20,10,0
2026-08-17T07:52:30.000Z,"-1229","12",20,10,0
2026-08-17T11:47:30.000Z,"-1234","12",20,10,0
2026-08-17T12:42:30.000Z,"-1233","12",20,10,0
2026-08-17T13:32:30.000Z,"-1231","12",20,10,0
2026-08-17T14:17:30.000Z,"-1231","12",20,10,0
2026-08-17T14:57:30.000Z,"-1230","12",20,10,0
2026-08-17T15:27:30.000Z,"-1230","12",20,10,0
2026-08-17T19:32:30.000Z,"-1227","12",20,10,0
2026-08-17T21:27:30.000Z,"-1229","12",20,10,0
2026-08-18T02:17:30.000Z,"-1227","12",20,10,0
2026-08-18T06:32:30.000Z,"-1229","12",20,10,0
2026-08-18T07:27:30.000Z,"-1228","12",20,10,0
2026-08-18T10:07:30.000Z,"-1232","12",20,10,0
2026-08-18T10:37:30.000Z,"-1231","12",20,10,0
2026-08-18T11:22:30.000Z,"-1232","12",20,10,0
2026-08-18T12:07:30.000Z,"-1231","12",20,10,0
2026-08-18T12:32:30.000Z,"-1231","12",20,10,0
2026-08-18T12:52:30.000Z,"-1232","12",20,10,0
2026-08-18T14:07:30.000Z,"-1231","12",20,10,0
2026-08-18T15:42:30.000Z,"-1228","12",20,10,0
2026-08-18T21:12:30.000Z,"-1228","12",20,10,0
2026-08-18T23:52:30.000Z,"-1227","12",20,10,0
2026-08-19T01:47:30.000Z,"-1227","12",20,10,0
2026-08-19T04:47:30.000Z,"-1232","12",20,10,0
2026-08-19T06:25:30.000Z,"-1233","12",20,10,0
2026-08-19T08:43:00.000Z,"-1230","12",20,10,0
2026-08-19T09:12:00.000Z,"-1230","12",20,10,0
2026-08-19T10:17:00.000Z,"-1227","12",20,10,0
2026-08-19T10:48:30.000Z,"-1231","12",20,10,0
2026-08-19T11:49:00.000Z,"-1233","12",20,10,0
2026-08-19T12:16:00.000Z,"-1229","12",20,10,0
2026-08-19T12:50:00.000Z,"-1229","12",20,10,0
2026-08-19T13:07:30.000Z,"-1232","12",20,10,0
2026-08-19T13:32:30.000Z,"-1231","12",20,10,0
2026-08-19T13:52:30.000Z,"-1230","12",20,10,0
2026-08-19T14:42:30.000Z,"-1232","12",20,10,0
2026-08-19T15:42:30.000Z,"-1229","12",20,10,0
2026-08-19T16:47:30.000Z,"-1229","12",20,10,0
2026-08-19T17:32:30.000Z,"-1226","12",20,10,0
2026-08-19T18:02:30.000Z,"-1226","12",20,10,0
2026-08-19T18:52:30.000Z,"-1224","12",20,10,0
2026-08-19T19:47:30.000Z,"-1224","12",20,10,0
2026-08-19T20:12:30.000Z,"-1225","12",20,10,0
2026-08-19T21:07:30.000Z,"-1225","12",20,10,0
2026-08-20T00:52:30.000Z,"-1223","12",20,10,0
2026-08-20T02:17:30.000Z,"-1224","12",20,10,0
2026-08-20T03:47:30.000Z,"-1223","12",20,10,0
2026-08-20T04:22:30.000Z,"-1225","12",20,10,0
2026-08-20T06:42:30.000Z,"-1227","12",20,10,0
2026-08-20T07:27:30.000Z,"-1231","12",20,10,0
2026-08-20T08:57:30.000Z,"-1233","12",20,10,0
2026-08-20T11:56:30.000Z,"-1232","12",20,10,0
2026-08-20T12:34:00.000Z,"-1233","12",20,10,0
2026-08-20T14:41:00.000Z,"-1234","12",20,10,0
2026-08-20T16:32:30.000Z,"-1233","12",20,10,0
2026-08-20T17:07:30.000Z,"-1232","12",20,10,0
2026-08-20T17:57:30.000Z,"-1229","12",20,10,0
2026-08-20T19:02:30.000Z,"-1227","12",20,10,0
2026-08-20T20:07:30.000Z,"-1228","12",20,10,0
2026-08-20T21:22:30.000Z,"-1226","12",20,10,0
2026-08-21T00:52:30.000Z,"-1226","12",20,10,0
2026-08-21T01:42:30.000Z,"-1224","12",20,10,0
2026-08-21T05:07:30.000Z,"-1225","12",20,10,0
2026-08-21T06:07:30.000Z,"-1227","12",20,10,0
2026-08-21T07:54:30.000Z,"-1231","12",20,10,0
2026-08-21T15:25:00.000Z,"-1233","12",20,10,0
2026-08-21T16:55:30.000Z,"-1232","12",20,10,0
2026-08-21T18:07:30.000Z,"-1227","12",20,10,0
2026-08-21T18:57:30.000Z,"-1228","12",20,10,0
2026-08-21T19:42:30.000Z,"-1226","12",20,10,0
2026-08-21T20:12:30.000Z,"-1226","12",20,10,0
2026-08-21T21:17:30.000Z,"-1225","12",20,10,0
2026-08-21T23:07:30.000Z,"-1226","12",20,10,0
2026-08-22T01:07:30.000Z,"-1225","12",20,10,0
2026-08-22T03:57:30.000Z,"-1226","12",20,10,0
2026-08-22T05:12:30.000Z,"-1228","12",20,10,0
2026-08-22T06:17:30.000Z,"-1227","12",20,10,0
2026-08-22T06:42:30.000Z,"-1228","12",20,10,0
2026-08-22T07:07:30.000Z,"-1231","12",20,10,0
2026-08-22T13:00:00.000Z,"-1233","12",20,10,0
2026-08-22T16:37:30.000Z,"-1232","12",20,10,0
2026-08-22T17:47:30.000Z,"-1229","12",20,10,0
2026-08-22T19:02:30.000Z,"-1229","12",20,10,0
2026-08-22T19:57:30.000Z,"-1227","12",20,10,0
2026-08-22T22:32:30.000Z,"-1228","12",20,10,0
2026-08-23T00:52:30.000Z,"-1226","12",20,10,0
2026-08-23T04:47:30.000Z,"-1226","12",20,10,0
2026-08-23T06:52:30.000Z,"-1229","12",20,10,0
2026-08-23T07:47:30.000Z,"-1232","12",20,10,0
2026-08-23T08:28:00.000Z,"-1232","12",20,10,0
2026-08-23T16:05:30.000Z,"-1234","12",20,10,0
2026-08-23T17:37:30.000Z,"-1233","12",20,10,0
2026-08-23T18:42:30.000Z,"-1228","12",20,10,0
2026-08-23T19:52:30.000Z,"-1231","12",20,10,0
2026-08-23T21:07:30.000Z,"-1230","12",20,10,0
2026-08-23T21:57:30.000Z,"-1231","12",20,10,0
2026-08-23T23:37:30.000Z,"-1229","12",20,10,0
2026-08-24T00:42:30.000Z,"-1230","12",20,10,0
2026-08-24T01:57:30.000Z,"-1230","12",20,10,0
2026-08-24T02:47:30.000Z,"-1227","12",20,10,0
2026-08-24T03:32:30.000Z,"-1228","12",20,10,0
2026-08-24T05:07:30.000Z,"-1227","12",20,10,0
2026-08-24T05:47:30.000Z,"-1228","12",20,10,0
2026-08-24T06:27:30.000Z,"-1228","12",20,10,0
2026-08-24T06:47:30.000Z,"-1230","12",20,10,0
2026-08-24T11:08:30.000Z,"-1233","12",20,10,0
2026-08-24T14:08:00.000Z,"-1234","12",20,10,0
2026-08-24T14:52:00.000Z,"-1233","12",20,10,0
2026-08-24T15:47:30.000Z,"-1230","12",20,10,0
2026-08-24T18:02:30.000Z,"-1231","12",20,10,0
2026-08-24T18:57:30.000Z,"-1227","12",20,10,0
2026-08-24T20:22:30.000Z,"-1228","12",20,10,0
2026-08-24T23:07:30.000Z,"-1226","12",20,10,0
2026-08-24T23:57:30.000Z,"-1227","12",20,10,0
2026-08-25T00:32:30.000Z,"-1226","12",20,10,0
2026-08-25T03:22:30.000Z,"-1228","12",20,10,0
2026-08-25T04:27:30.000Z,"-1227","12",20,10,0
2026-08-25T06:12:30.000Z,"-1228","12",20,10,0
2026-08-25T06:57:30.000Z,"-1227","12",20,10,0
2026-08-25T08:18:00.000Z,"-1232","12",20,10,0
2026-08-25T09:27:30.000Z,"-1230","12",20,10,0
2026-08-25T10:01:30.000Z,"-1232","12",20,10,0
2026-08-25T11:53:00.000Z,"-1231","12",20,10,0
2026-08-25T13:12:00.000Z,"-1233","12",20,10,0
2026-08-25T14:52:30.000Z,"-1233","12",20,10,0
2026-08-25T15:47:30.000Z,"-1230","12",20,10,0
2026-08-25T16:42:30.000Z,"-1232","12",20,10,0
2026-08-25T18:02:30.000Z,"-1228","12",20,10,0
2026-08-25T19:17:30.000Z,"-1227","12",20,10,0
2026-08-25T19:57:30.000Z,"-1229","12",20,10,0
2026-08-25T20:47:30.000Z,"-1227","12",20,10,0
2026-08-25T22:52:30.000Z,"-1227","12",20,10,0
2026-08-25T23:47:30.000Z,"-1228","12",20,10,0
2026-08-26T00:37:30.000Z,"-1227","12",20,10,0
2026-08-26T02:47:30.000Z,"-1228","12",20,10,0
2026-08-26T04:27:30.000Z,"-1228","12",20,10,0
2026-08-26T05:22:30.000Z,"-1226","12",20,10,0
2026-08-26T05:47:30.000Z,"-1227","12",20,10,0
2026-08-26T07:17:30.000Z,"-1231","12",20,10,0
2026-08-26T12:25:30.000Z,"-1232","12",20,10,0
2026-08-26T14:37:30.000Z,"-1231","12",20,10,0
2026-08-26T15:02:30.000Z,"-1232","12",20,10,0
2026-08-26T15:57:30.000Z,"-1231","12",20,10,0
2026-08-26T17:17:30.000Z,"-1231","12",20,10,0
2026-08-26T18:07:30.000Z,"-1228","12",20,10,0
2026-08-26T18:47:30.000Z,"-1227","12",20,10,0
2026-08-26T21:17:30.000Z,"-1229","12",20,10,0
2026-08-26T22:12:30.000Z,"-1231","12",20,10,0
2026-08-26T23:52:30.000Z,"-1227","12",20,10,0
2026-08-27T02:17:30.000Z,"-1226","12",20,10,0
2026-08-27T06:07:30.000Z,"-1227","12",20,10,0
2026-08-27T06:37:30.000Z,"-1228","12",20,10,0
2026-08-27T07:27:30.000Z,"-1232","12",20,10,0
2026-08-27T08:00:00.000Z,"-1232","12",20,10,0